0.000000000000000000e+00
3.852063822232439116e-04
1.169695023581485398e-03
2.396938031622153614e-03
4.138859735997620429e-03
6.493890962879577712e-03
9.584061929784752285e-03
1.355119900538009209e-02
1.855231417293125296e-02
2.475429776832454090e-02
3.232804442222699665e-02
4.144215865749720923e-02
5.225639987268335812e-02
6.491503614351101792e-02
7.954028213554539817e-02
9.622599826354089059e-02
1.150318259637055640e-01
1.359779275608024862e-01
1.590404887994166516e-01
1.841481278436694347e-01
2.111793366941783212e-01
2.399610598685731899e-01
2.702684912606943546e-01
3.018261438187457846e-01
3.343102186062317238e-01
3.673522705197024285e-01
4.005441380564975784e-01
4.334440746974494996e-01
4.655839903454101480e-01
4.964776834862131838e-01
5.256299189404820549e-01
5.525461828458185787e-01
5.767429263967959185e-01
5.977580933644079941e-01
6.151617139379258470e-01
6.285663393227182150e-01
6.376370880430954902e-01
6.421010762022312246e-01
6.417560101066327460e-01
6.364777306352608077e-01
6.262265143872317585e-01
6.110519567418273290e-01
5.910962861793452872e-01
5.665959871200797471e-01
5.378816396376808751e-01
5.053759181151076252e-01
4.695897265965921497e-01
4.311164855572712784e-01
3.906246223362431769e-01
3.488483548087936148e-01
3.065768942516905460e-01
2.646422280312562547e-01
2.235052206533248431e-01
1.839985784354740139e-01
1.469284818007221549e-01
1.130618424112014159e-01
8.311417972676427013e-02
5.773830818698275080e-02
3.751401343096195246e-02
2.293888037164954971e-02
1.442041777586768221e-02
1.226960355459821676e-02
1.669595256258010058e-02
2.780418469536960827e-02
4.559254583434228791e-02
6.995280812368850909e-02
1.006719495793593627e-01
1.374354865458224662e-01
1.798324064500627095e-01
2.273616230645882919e-01
2.794398524802969574e-01
3.354107855845842590e-01
3.945554123933791568e-01
4.561033354203385959e-01
5.192448936686941963e-01
5.831439060472005664e-01
6.469508332429237951e-01
7.098161504842468439e-01
7.709037203015820516e-01
8.294039543932691938e-01
8.845465570300452551e-01
9.356126490308227517e-01
9.819460811112276089e-01
1.022963758190398309e+00
1.058164811839272357e+00
1.087138476219064787e+00
1.109570543305306911e+00
1.125248295598325177e+00
1.134063838531913726e+00
1.136015780029649536e+00
1.131209230724719683e+00
1.119854124843219445e+00
1.102261888234988385e+00
1.078840506102473951e+00
1.050088068215783155e+00
1.016584893412989521e+00
9.789843575902450468e-01
9.380025698329341743e-01
8.944070595045626737e-01
8.490046527078234373e-01
8.026287293163082426e-01
7.561260615440668076e-01
7.103434416195549828e-01
6.661143094564256906e-01
6.242455912136043450e-01
5.855049563112020294e-01
5.506086938694646493e-01
5.202103997692310022e-01
4.948906527483509232e-01
4.751478423507527471e-01
4.613902933794158945e-01
4.539298110577946188e-01
4.529767486987722469e-01
4.586366756693202040e-01
4.709086982013580558e-01
4.896854595328892779e-01
5.147548193793923810e-01
5.458031862513453847e-01
5.824204500673434426e-01
6.241064372745910305e-01
6.702787866776465098e-01
7.202821217708217372e-01
7.733983749229506044e-01
8.288581005977738725e-01
8.858525991954614431e-01
9.435466603167460553e-01
1.001091724482426670e+00
1.057639255741648965e+00
1.112354114276470129e+00
1.164427718110215837e+00
1.213090786353041572e+00
1.257625463017452372e+00
1.297376630205271164e+00
1.331762232251566758e+00
1.360282448008806933e+00
1.382527566619954573e+00
1.398184442575919118e+00
1.407041428258246407e+00
1.408991706178846837e+00
1.404034968366228764e+00
1.392277416414129831e+00
1.373930082192541313e+00
1.349305495705214630e+00
1.318812752644164865e+00
1.282951059429363383e+00
1.242301857532712717e+00
1.197519651290882781e+00
1.149321683858269161e+00
1.098476624116802025e+00
1.045792442957065083e+00
9.921036701292356152e-01
9.382582326310621168e-01
8.851040821994606844e-01
8.334758227982044243e-01
7.841815489941834638e-01
7.379901027888116083e-01
6.956189498718112763e-01
6.577228664958802984e-01
6.248836153867114440e-01
5.976007735050977709e-01
5.762838563123968694e-01
5.612458627439357306e-01
5.526983426894652718e-01
5.507480647688647313e-01
5.553953369536258622e-01
5.665340065182213891e-01
5.839531393213628352e-01
6.073403519330635714e-01
6.362867440569864863e-01
6.702933534599000431e-01
7.087790316091399090e-01
7.510896158135162981e-01
7.965082532164050599e-01
8.442667138243074021e-01
8.935575141564232604e-01
9.435466603167456112e-01
9.933868095214640759e-01
1.042230642515114880e+00
1.089244235983015008e+00
1.133620224067520610e+00
1.174590541421546730e+00
1.211438546832142693e+00
1.243510336215627676e+00
1.270225066569848016e+00
1.291084128066835701e+00
1.305679019634621962e+00
1.313697803823651089e+00
1.314930039158701547e+00
1.309270112188153812e+00
1.296718916680087652e+00
1.277383853481148801e+00
1.251477151038196123e+00
1.219312533066854165e+00
1.181300285917516124e+00
1.137940803427017089e+00
1.089816711055103582e+00
1.037583693510303995e+00
9.819601705164910932e-01
9.237159835368967675e-01
8.636602718700703285e-01
8.026287293163089087e-01
7.414704423818210266e-01
6.810345175872222212e-01
6.221567087728701040e-01
5.656462552935465071e-01
5.122731386690888566e-01
4.627559586582318807e-01
4.177506199541899390e-01
3.778400079164855319e-01
3.435248161557762914e-01
3.152156706229871097e-01
2.932266744073566134e-01
2.777704750425319391e-01
2.689549321089437228e-01
2.667814376830137113e-01
2.711449161173315470e-01
2.818355031518287035e-01
2.985418778718945676e-01
3.208561949629427090e-01
3.482805394732703674e-01
3.802348022861435362e-01
4.160658520965689888e-01
4.550578592415164825e-01
4.964436085669048371e-01
5.394166229169200522e-01
5.831439060471997893e-01
6.267791039946961629e-01
6.694758773376789929e-01
7.104012734534429496e-01
7.487488878812827986e-01
7.837516072241973442e-01
8.146937326221393993e-01
8.409222925983464991e-01
8.618573668643249031e-01
8.770012582668021972e-01
8.859463682254210548e-01
8.883816514566350575e-01
8.840975481847507256e-01
8.729893160519615058e-01
8.550587091768913073e-01
8.304139778776008507e-01
7.992681890590931371e-01
7.619358937494652428e-01
7.188281943352677894e-01
6.704462892843167099e-01
6.173735971551033153e-01
5.602665840974222489e-01
4.998444394955395831e-01
4.368777625706668499e-01
3.721764383572599977e-01
3.065768942516913786e-01
2.409289381005683406e-01
1.760823853953213947e-01
1.128736864655851407e-01
5.211276456389582479e-02
-5.429727591672014846e-03
-5.903453184965497258e-02
-1.080450980335842665e-01
-1.518779083120884166e-01
-1.900316497139401262e-01
-2.220950901367280961e-01
-2.477535336445295389e-01
-2.667937532554320312e-01
-2.791073234306613027e-01
-2.846922997147433021e-01
-2.836532190425561928e-01
-2.761994207132236756e-01
-2.626417145148982057e-01
-2.433874485509060215e-01
-2.189340545554037398e-01
-1.898611724975984572e-01
-1.568214786790603776e-01
-1.205303619753502892e-01
-8.175461103863879142e-02
-4.130029087573827695e-02
-1.308222630364689909e-15
4.130029087573568181e-02
8.175461103863622403e-02
1.205303619753478050e-01
1.568214786790581017e-01
1.898611724975962090e-01
2.189340545554017414e-01
2.433874485509043006e-01
2.626417145148967069e-01
2.761994207132223988e-01
2.836532190425551381e-01
2.846922997147426915e-01
2.791073234306610251e-01
2.667937532554320867e-01
2.477535336445297609e-01
2.220950901367286789e-01
1.900316497139410143e-01
1.518779083120895823e-01
1.080450980335856681e-01
5.903453184965661016e-02
5.429727591673844979e-03
-5.211276456389385414e-02
-1.128736864655830174e-01
-1.760823853953191742e-01
-2.409289381005661201e-01
-3.065768942516892137e-01
-3.721764383572577772e-01
-4.368777625706646295e-01
-4.998444394955375292e-01
-5.602665840974202505e-01
-6.173735971551013169e-01
-6.704462892843151556e-01
-7.188281943352664571e-01
-7.619358937494641326e-01
-7.992681890590924709e-01
-8.304139778776002956e-01
-8.550587091768910852e-01
-8.729893160519616169e-01
-8.840975481847513917e-01
-8.883816514566357236e-01
-8.859463682254221650e-01
-8.770012582668035295e-01
-8.618573668643264574e-01
-8.409222925983483865e-01
-8.146937326221415088e-01
-7.837516072241996756e-01
-7.487488878812852411e-01
-7.104012734534456142e-01
-6.694758773376815464e-01
-6.267791039946990495e-01
-5.831439060472025648e-01
-5.394166229169228277e-01
-4.964436085669075571e-01
-4.550578592415190915e-01
-4.160658520965713758e-01
-3.802348022861458121e-01
-3.482805394732723103e-01
-3.208561949629444854e-01
-2.985418778718960664e-01
-2.818355031518299803e-01
-2.711449161173324351e-01
-2.667814376830143774e-01
-2.689549321089440004e-01
-2.777704750425320501e-01
-2.932266744073562248e-01
-3.152156706229864991e-01
-3.435248161557754032e-01
-3.778400079164843106e-01
-4.177506199541883847e-01
-4.627559586582300488e-01
-5.122731386690870803e-01
-5.656462552935441757e-01
-6.221567087728676615e-01
-6.810345175872196677e-01
-7.414704423818185841e-01
-8.026287293163064662e-01
-8.636602718700676640e-01
-9.237159835368944361e-01
-9.819601705164886507e-01
-1.037583693510301774e+00
-1.089816711055101806e+00
-1.137940803427015091e+00
-1.181300285917514348e+00
-1.219312533066852833e+00
-1.251477151038195235e+00
-1.277383853481148357e+00
-1.296718916680087208e+00
-1.309270112188153812e+00
-1.314930039158701769e+00
-1.313697803823651311e+00
-1.305679019634622851e+00
-1.291084128066836589e+00
-1.270225066569849570e+00
-1.243510336215629231e+00
-1.211438546832144691e+00
-1.174590541421548950e+00
-1.133620224067523052e+00
-1.089244235983017450e+00
-1.042230642515117323e+00
-9.933868095214667404e-01
-9.435466603167484978e-01
-8.935575141564260360e-01
-8.442667138243101776e-01
-7.965082532164077245e-01
-7.510896158135188516e-01
-7.087790316091422405e-01
-6.702933534599021526e-01
-6.362867440569882627e-01
-6.073403519330651257e-01
-5.839531393213645005e-01
-5.665340065182223883e-01
-5.553953369536265283e-01
-5.507480647688650643e-01
-5.526983426894654938e-01
-5.612458627439357306e-01
-5.762838563123964253e-01
-5.976007735050968828e-01
-6.248836153867104448e-01
-6.577228664958791882e-01
-6.956189498718096109e-01
-7.379901027888096099e-01
-7.841815489941814654e-01
-8.334758227982022039e-01
-8.851040821994583530e-01
-9.382582326310597853e-01
-9.921036701292333948e-01
-1.045792442957062640e+00
-1.098476624116799583e+00
-1.149321683858267162e+00
-1.197519651290880560e+00
-1.242301857532710718e+00
-1.282951059429361385e+00
-1.318812752644163311e+00
-1.349305495705213298e+00
-1.373930082192540425e+00
-1.392277416414129387e+00
-1.404034968366228764e+00
-1.408991706178846837e+00
-1.407041428258246629e+00
-1.398184442575919562e+00
-1.382527566619955461e+00
-1.360282448008807821e+00
-1.331762232251568312e+00
-1.297376630205273162e+00
-1.257625463017454814e+00
-1.213090786353043571e+00
-1.164427718110218057e+00
-1.112354114276472794e+00
-1.057639255741651629e+00
-1.001091724482429557e+00
-9.435466603167488309e-01
-8.858525991954643297e-01
-8.288581005977765370e-01
-7.733983749229530469e-01
-7.202821217708239576e-01
-6.702787866776482861e-01
-6.241064372745930289e-01
-5.824204500673449969e-01
-5.458031862513467170e-01
-5.147548193793933802e-01
-4.896854595328899440e-01
-4.709086982013582778e-01
-4.586366756693203151e-01
-4.529767486987720804e-01
-4.539298110577939527e-01
-4.613902933794150063e-01
-4.751478423507514703e-01
-4.948906527483493689e-01
-5.202103997692293369e-01
-5.506086938694625399e-01
-5.855049563112000310e-01
-6.242455912136021245e-01
-6.661143094564232481e-01
-7.103434416195524292e-01
-7.561260615440641430e-01
-8.026287293163056891e-01
-8.490046527078207728e-01
-8.944070595045602312e-01
-9.380025698329317319e-01
-9.789843575902427153e-01
-1.016584893412987523e+00
-1.050088068215781378e+00
-1.078840506102471952e+00
-1.102261888234986831e+00
-1.119854124843218113e+00
-1.131209230724719017e+00
-1.136015780029648647e+00
-1.134063838531913060e+00
-1.125248295598324955e+00
-1.109570543305307133e+00
-1.087138476219065009e+00
-1.058164811839273245e+00
-1.022963758190398975e+00
-9.819460811112288301e-01
-9.356126490308243060e-01
-8.845465570300469205e-01
-8.294039543932708591e-01
-7.709037203015839390e-01
-7.098161504842489533e-01
-6.469508332429259045e-01
-5.831439060472028979e-01
-5.192448936686963057e-01
-4.561033354203407608e-01
-3.945554123933812107e-01
-3.354107855845862574e-01
-2.794398524802987893e-01
-2.273616230645897907e-01
-1.798324064500640973e-01
-1.374354865458236041e-01
-1.006719495793602231e-01
-6.995280812368910583e-02
-4.559254583434260016e-02
-2.780418469536961520e-02
-1.669595256257979873e-02
-1.226960355459762002e-02
-1.442041777586679056e-02
-2.293888037164837357e-02
-3.751401343096047447e-02
-5.773830818698102302e-02
-8.311417972676229948e-02
-1.130618424111992648e-01
-1.469284818007198512e-01
-1.839985784354715992e-01
-2.235052206533222896e-01
-2.646422280312537012e-01
-3.065768942516879370e-01
-3.484631484265677814e-01
-3.894549273126591271e-01
-4.287195475256467270e-01
-4.654508668605921162e-01
-4.988820271522263483e-01
-5.282975777078943169e-01
-5.530447881146978162e-01
-5.725439720064127158e-01
-5.862976589735017230e-01
-5.938984699650038390e-01
-5.950355719777631336e-01
-5.894996102339493671e-01
-5.771860400587205397e-01
-5.580968059075507304e-01
-5.323403410591782681e-01
-5.001298879742215320e-01
-4.617801658036069790e-01
-4.177024375973810710e-01
-3.683980550021511147e-01
-3.144505822463059541e-01
-2.565166236176423809e-01
-1.953154990847181527e-01
-1.316179308787061575e-01
-6.623391945026847749e-02
-2.546209540691410646e-15
6.623391945026338434e-02
1.316179308787012447e-01
1.953154990847134342e-01
2.565166236176380510e-01
3.144505822463017908e-01
3.683980550021475064e-01
4.177024375973779624e-01
4.617801658036043699e-01
5.001298879742195336e-01
5.323403410591769358e-01
5.580968059075500642e-01
5.771860400587204287e-01
5.894996102339499222e-01
5.950355719777643548e-01
5.938984699650058374e-01
5.862976589735043875e-01
5.725439720064158244e-01
5.530447881147018130e-01
5.282975777078985358e-01
4.988820271522307892e-01
4.654508668605969457e-01
4.287195475256517785e-01
3.894549273126644007e-01
3.484631484265732215e-01
3.065768942516933215e-01
2.646422280312589748e-01
2.235052206533274521e-01
1.839985784354764564e-01
1.469284818007244864e-01
1.130618424112035530e-01
8.311417972676612975e-02
5.773830818698436063e-02
3.751401343096322921e-02
2.293888037165053503e-02
1.442041777586833273e-02
1.226960355459853595e-02
1.669595256258004853e-02
2.780418469536920928e-02
4.559254583434155239e-02
6.995280812368746826e-02
1.006719495793579749e-01
1.374354865458207731e-01
1.798324064500607666e-01
2.273616230645860437e-01
2.794398524802945705e-01
3.354107855845817054e-01
3.945554123933763258e-01
4.561033354203356538e-01
5.192448936686911987e-01
5.831439060471977909e-01
6.469508332429209085e-01
7.098161504842438463e-01
7.709037203015791651e-01
8.294039543932664182e-01
8.845465570300427016e-01
9.356126490308204202e-01
9.819460811112256104e-01
1.022963758190396311e+00
1.058164811839270802e+00
1.087138476219063232e+00
1.109570543305306023e+00
1.125248295598324733e+00
1.134063838531913282e+00
1.136015780029649980e+00
1.131209230724720127e+00
1.119854124843219889e+00
1.102261888234989051e+00
1.078840506102475505e+00
1.050088068215784709e+00
1.016584893412991297e+00
9.789843575902471562e-01
9.380025698329363948e-01
8.944070595045650052e-01
8.490046527078257688e-01
8.026287293163106851e-01
7.561260615440691391e-01
7.103434416195573142e-01
6.661143094564279110e-01
6.242455912136064544e-01
5.855049563112041389e-01
5.506086938694662036e-01
5.202103997692325565e-01
4.948906527483520890e-01
4.751478423507536353e-01
4.613902933794165606e-01
4.539298110577949519e-01
4.529767486987722469e-01
4.586366756693199265e-01
4.709086982013573341e-01
4.896854595328882787e-01
5.147548193793910487e-01
5.458031862513437193e-01
5.824204500673414442e-01
6.241064372745889210e-01
6.702787866776440673e-01
7.202821217708190726e-01
7.733983749229479399e-01
8.288581005977712080e-01
8.858525991954586676e-01
9.435466603167432798e-01
1.001091724482423784e+00
1.057639255741646078e+00
1.112354114276467687e+00
1.164427718110213394e+00
1.213090786353039130e+00
1.257625463017450151e+00
1.297376630205269388e+00
1.331762232251565425e+00
1.360282448008805600e+00
1.382527566619953685e+00
1.398184442575918673e+00
1.407041428258246185e+00
1.408991706178847281e+00
1.404034968366229652e+00
1.392277416414130942e+00
1.373930082192542645e+00
1.349305495705216185e+00
1.318812752644166864e+00
1.282951059429365603e+00
1.242301857532714937e+00
1.197519651290885223e+00
1.149321683858272047e+00
1.098476624116804690e+00
1.045792442957068191e+00
9.921036701292385018e-01
9.382582326310650034e-01
8.851040821994635710e-01
8.334758227982071999e-01
7.841815489941857953e-01
7.379901027888138287e-01
6.956189498718134967e-01
6.577228664958824078e-01
6.248836153867132204e-01
5.976007735050992142e-01
5.762838563123979796e-01
5.612458627439365078e-01
5.526983426894657159e-01
5.507480647688649533e-01
5.553953369536256401e-01
5.665340065182207230e-01
5.839531393213620580e-01
6.073403519330624611e-01
6.362867440569851540e-01
6.702933534598982668e-01
7.087790316091379106e-01
7.510896158135141887e-01
7.965082532164027285e-01
8.442667138243050706e-01
8.935575141564209289e-01
9.435466603167432798e-01
9.933868095214616334e-01
1.042230642515112438e+00
1.089244235983012565e+00
1.133620224067518167e+00
1.174590541421544732e+00
1.211438546832140917e+00
1.243510336215625900e+00
1.270225066569846684e+00
1.291084128066834369e+00
1.305679019634621518e+00
1.313697803823650645e+00
1.314930039158701547e+00
1.309270112188154256e+00
1.296718916680088096e+00
1.277383853481149911e+00
1.251477151038197455e+00
1.219312533066855719e+00
1.181300285917517900e+00
1.137940803427018865e+00
1.089816711055106024e+00
1.037583693510306437e+00
9.819601705164937577e-01
9.237159835368995431e-01
8.636602718700732151e-01
8.026287293163116843e-01
7.414704423818239132e-01
6.810345175872247747e-01
6.221567087728725465e-01
5.656462552935488386e-01
5.122731386690911881e-01
4.627559586582338791e-01
4.177506199541917153e-01
3.778400079164869196e-01
3.435248161557774016e-01
3.152156706229877758e-01
2.932266744073569464e-01
2.777704750425319946e-01
2.689549321089433342e-01
2.667814376830129897e-01
2.711449161173304367e-01
2.818355031518273157e-01
2.985418778718929578e-01
3.208561949629406551e-01
3.482805394732680360e-01
3.802348022861411492e-01
4.160658520965663798e-01
4.550578592415137069e-01
4.964436085669019505e-01
5.394166229169171656e-01
5.831439060471969027e-01
6.267791039946932763e-01
6.694758773376761063e-01
7.104012734534403961e-01
7.487488878812803561e-01
7.837516072241950127e-01
8.146937326221374009e-01
8.409222925983447228e-01
8.618573668643233487e-01
8.770012582668010870e-01
8.859463682254200556e-01
8.883816514566343914e-01
8.840975481847508366e-01
8.729893160519615058e-01
8.550587091768918624e-01
8.304139778776017389e-01
7.992681890590943583e-01
7.619358937494665751e-01
7.188281943352693437e-01
6.704462892843187083e-01
6.173735971551053137e-01
5.602665840974245803e-01
4.998444394955422476e-01
4.368777625706696255e-01
3.721764383572628287e-01
3.065768942516942652e-01
2.409289381005712272e-01
1.760823853953241702e-01
1.128736864655879024e-01
5.211276456389848238e-02
-5.429727591669502966e-03
-5.903453184965266887e-02
-1.080450980335821570e-01
-1.518779083120865570e-01
-1.900316497139385163e-01
-2.220950901367267361e-01
-2.477535336445284286e-01
-2.667937532554313096e-01
-2.791073234306609141e-01
-2.846922997147431356e-01
-2.836532190425562483e-01
-2.761994207132240642e-01
-2.626417145148989274e-01
-2.433874485509070762e-01
-2.189340545554050166e-01
-1.898611724975999282e-01
-1.568214786790620985e-01
-1.205303619753521766e-01
-8.175461103864078982e-02
-4.130029087574042107e-02
-3.480955050156489661e-15
4.130029087573348912e-02
8.175461103863407297e-02
1.205303619753458344e-01
1.568214786790561588e-01
1.898611724975944881e-01
2.189340545554001871e-01
2.433874485509029129e-01
2.626417145148955412e-01
2.761994207132216772e-01
2.836532190425546385e-01
2.846922997147424694e-01
2.791073234306611361e-01
2.667937532554325308e-01
2.477535336445305381e-01
2.220950901367297614e-01
1.900316497139423744e-01
1.518779083120912476e-01
1.080450980335875971e-01
5.903453184965876122e-02
5.429727591676190325e-03
-5.211276456389134226e-02
-1.128736864655803668e-01
-1.760823853953164819e-01
-2.409289381005633723e-01
-3.065768942516863271e-01
-3.721764383572550017e-01
-4.368777625706620760e-01
-4.998444394955350312e-01
-5.602665840974179190e-01
-6.173735971550993185e-01
-6.704462892843133792e-01
-7.188281943352647918e-01
-7.619358937494628004e-01
-7.992681890590914717e-01
-8.304139778775997405e-01
-8.550587091768908632e-01
-8.729893160519617279e-01
-8.840975481847517248e-01
-8.883816514566365008e-01
-8.859463682254232753e-01
-8.770012582668050838e-01
-8.618573668643283447e-01
-8.409222925983504959e-01
-8.146937326221438402e-01
-7.837516072242020071e-01
-7.487488878812879056e-01
-7.104012734534482787e-01
-6.694758773376845440e-01
-6.267791039947018250e-01
-5.831439060472053404e-01
-5.394166229169258253e-01
-4.964436085669101661e-01
-4.550578592415215895e-01
-4.160658520965739293e-01
-3.802348022861479770e-01
-3.482805394732743087e-01
-3.208561949629462062e-01
-2.985418778718974542e-01
-2.818355031518309239e-01
-2.711449161173331013e-01
-2.667814376830147105e-01
-2.689549321089439449e-01
-2.777704750425316060e-01
-2.932266744073553366e-01
-3.152156706229853889e-01
-3.435248161557737934e-01
-3.778400079164824787e-01
-4.177506199541862753e-01
-4.627559586582277174e-01
-5.122731386690844158e-01
-5.656462552935414001e-01
-6.221567087728646639e-01
-6.810345175872165591e-01
-7.414704423818153645e-01
-8.026287293163031356e-01
-8.636602718700646664e-01
-9.237159835368912164e-01
-9.819601705164857641e-01
-1.037583693510298888e+00
-1.089816711055098919e+00
-1.137940803427012648e+00
-1.181300285917512127e+00
-1.219312533066850834e+00
-1.251477151038193458e+00
-1.277383853481147025e+00
-1.296718916680086320e+00
-1.309270112188152924e+00
-1.314930039158701547e+00
-1.313697803823651311e+00
-1.305679019634623295e+00
-1.291084128066837255e+00
-1.270225066569850458e+00
-1.243510336215630563e+00
-1.211438546832146468e+00
-1.174590541421550727e+00
-1.133620224067525273e+00
-1.089244235983019893e+00
-1.042230642515119765e+00
-9.933868095214689609e-01
-9.435466603167507182e-01
-8.935575141564284785e-01
-8.442667138243123981e-01
-7.965082532164097229e-01
-7.510896158135207390e-01
-7.087790316091440168e-01
-6.702933534599035958e-01
-6.362867440569895949e-01
-6.073403519330662359e-01
-5.839531393213650556e-01
-5.665340065182226104e-01
-5.553953369536265283e-01
-5.507480647688645092e-01
-5.526983426894647167e-01
-5.612458627439343983e-01
-5.762838563123948710e-01
-5.976007735050951064e-01
-6.248836153867083354e-01
-6.577228664958766347e-01
-6.956189498718069464e-01
-7.379901027888068343e-01
-7.841815489941782458e-01
-8.334758227981992063e-01
-8.851040821994551333e-01
-9.382582326310562326e-01
-9.921036701292298421e-01
-1.045792442957059087e+00
-1.098476624116796252e+00
-1.149321683858263832e+00
-1.197519651290877229e+00
-1.242301857532707610e+00
-1.282951059429358720e+00
-1.318812752644161090e+00
-1.349305495705211078e+00
-1.373930082192538205e+00
-1.392277416414127611e+00
-1.404034968366227432e+00
-1.408991706178846171e+00
-1.407041428258246185e+00
-1.398184442575919118e+00
-1.382527566619955461e+00
-1.360282448008808265e+00
-1.331762232251568978e+00
-1.297376630205273829e+00
-1.257625463017455480e+00
-1.213090786353044903e+00
-1.164427718110219834e+00
-1.112354114276474348e+00
-1.057639255741653406e+00
-1.001091724482431333e+00
-9.435466603167506072e-01
-8.858525991954662171e-01
-8.288581005977785354e-01
-7.733983749229548232e-01
-7.202821217708255119e-01
-6.702787866776500625e-01
-6.241064372745942501e-01
-5.824204500673463292e-01
-5.458031862513476051e-01
-5.147548193793939353e-01
-4.896854595328902771e-01
-4.709086982013583889e-01
-4.586366756693200375e-01
-4.529767486987714142e-01
-4.539298110577929535e-01
-4.613902933794136185e-01
-4.751478423507498050e-01
-4.948906527483474260e-01
-5.202103997692271165e-01
-5.506086938694600974e-01
-5.855049563111972555e-01
-6.242455912135991269e-01
-6.661143094564201395e-01
-7.103434416195493206e-01
-7.561260615440610344e-01
-8.026287293163024694e-01
-8.490046527078175531e-01
-8.944070595045571226e-01
-9.380025698329288453e-01
-9.789843575902400508e-01
-1.016584893412984636e+00
-1.050088068215779158e+00
-1.078840506102470176e+00
-1.102261888234985054e+00
-1.119854124843216781e+00
-1.131209230724718351e+00
-1.136015780029648203e+00
-1.134063838531913060e+00
-1.125248295598325177e+00
-1.109570543305307799e+00
-1.087138476219066119e+00
-1.058164811839274799e+00
-1.022963758190400974e+00
-9.819460811112311616e-01
-9.356126490308267485e-01
-8.845465570300496960e-01
-8.294039543932737457e-01
-7.709037203015870476e-01
-7.098161504842519509e-01
-6.469508332429292352e-01
-5.831439060472061175e-01
-5.192448936686996364e-01
-4.561033354203437584e-01
-3.945554123933840418e-01
-3.354107855845889219e-01
-2.794398524803012873e-01
-2.273616230645920666e-01
-1.798324064500660124e-01
-1.374354865458251862e-01
-1.006719495793614860e-01
-6.995280812369002177e-02
-4.559254583434312752e-02
-2.780418469536977827e-02
-1.669595256257961485e-02
-1.226960355459708052e-02
-1.442041777586591279e-02
-2.293888037164715232e-02
-3.751401343095896873e-02
-5.773830818697924666e-02
-8.311417972676025945e-02
-1.130618424111969889e-01
-1.469284818007174087e-01
-1.839985784354688791e-01
-2.235052206533195140e-01
-2.646422280312508701e-01
-3.065768942516851059e-01
-3.484631484265649504e-01
-3.894549273126563516e-01
-4.287195475256440069e-01
-4.654508668605895627e-01
-4.988820271522239058e-01
-5.282975777078923185e-01
-5.530447881146961508e-01
-5.725439720064110505e-01
-5.862976589735005017e-01
-5.938984699650028398e-01
-5.950355719777622454e-01
-5.894996102339489230e-01
-5.771860400587205397e-01
-5.580968059075509524e-01
-5.323403410591788232e-01
-5.001298879742225312e-01
-4.617801658036082002e-01
-4.177024375973825698e-01
-3.683980550021528910e-01
-3.144505822463079525e-01
-2.565166236176446568e-01
-1.953154990847206507e-01
-1.316179308787087388e-01
-6.623391945027115590e-02
-5.262638317365758519e-15
6.623391945026065042e-02
1.316179308786985802e-01
1.953154990847108530e-01
2.565166236176354975e-01
3.144505822462994593e-01
3.683980550021453415e-01
4.177024375973759640e-01
4.617801658036026491e-01
5.001298879742182013e-01
5.323403410591757146e-01
5.580968059075492871e-01
5.771860400587199846e-01
5.894996102339499222e-01
5.950355719777645769e-01
5.938984699650065036e-01
5.862976589735053867e-01
5.725439720064171567e-01
5.530447881147033673e-01
5.282975777079004231e-01
4.988820271522329541e-01
4.654508668605994437e-01
4.287195475256543875e-01
3.894549273126672317e-01
3.484631484265759971e-01
3.065768942516962081e-01
2.646422280312619169e-01
2.235052206533303942e-01
1.839985784354793708e-01
1.469284818007272897e-01
1.130618424112061343e-01
8.311417972676854449e-02
5.773830818698656026e-02
3.751401343096519986e-02
2.293888037165221078e-02
1.442041777586968582e-02
1.226960355459955944e-02
1.669595256258071814e-02
2.780418469536954929e-02
4.559254583434153851e-02
6.995280812368712131e-02
1.006719495793572949e-01
1.374354865458198294e-01
1.798324064500594899e-01
2.273616230645845171e-01
2.794398524802927941e-01
3.354107855845797070e-01
3.945554123933742163e-01
4.561033354203335999e-01
5.192448936686888672e-01
5.831439060471954594e-01
6.469508332429184660e-01
7.098161504842417369e-01
7.709037203015771667e-01
8.294039543932643088e-01
8.845465570300409253e-01
9.356126490308188659e-01
9.819460811112243892e-01
1.022963758190394978e+00
1.058164811839270580e+00
1.087138476219063232e+00
1.109570543305305801e+00
1.125248295598324955e+00
1.134063838531913726e+00
1.136015780029650646e+00
1.131209230724721237e+00
1.119854124843221665e+00
1.102261888234990828e+00
1.078840506102477059e+00
1.050088068215786929e+00
1.016584893412993962e+00
9.789843575902498207e-01
9.380025698329390593e-01
8.944070595045676697e-01
8.490046527078286553e-01
8.026287293163136827e-01
7.561260615440720256e-01
7.103434416195602008e-01
6.661143094564304645e-01
6.242455912136086749e-01
5.855049563112062483e-01
5.506086938694682020e-01
5.202103997692342219e-01
4.948906527483533657e-01
4.751478423507546900e-01
4.613902933794172267e-01
4.539298110577952294e-01
4.529767486987721359e-01
4.586366756693194269e-01
4.709086982013565015e-01
4.896854595328870574e-01
5.147548193793893834e-01
5.458031862513419430e-01
5.824204500673394458e-01
6.241064372745864786e-01
6.702787866776411807e-01
7.202821217708162971e-01
7.733983749229447202e-01
8.288581005977680993e-01
8.858525991954553369e-01
9.435466603167399491e-01
1.001091724482420675e+00
1.057639255741643414e+00
1.112354114276464578e+00
1.164427718110210508e+00
1.213090786353036465e+00
1.257625463017447931e+00
1.297376630205267167e+00
1.331762232251563427e+00
1.360282448008804268e+00
1.382527566619952797e+00
1.398184442575917785e+00
1.407041428258245963e+00
1.408991706178847281e+00
1.404034968366229874e+00
1.392277416414131608e+00
1.373930082192543978e+00
1.349305495705217739e+00
1.318812752644168862e+00
1.282951059429367824e+00
1.242301857532717602e+00
1.197519651290887888e+00
1.149321683858274934e+00
1.098476624116807798e+00
1.045792442957071078e+00
9.921036701292417215e-01
9.382582326310681120e-01
8.851040821994667906e-01
8.334758227982100864e-01
7.841815489941886819e-01
7.379901027888164933e-01
6.956189498718159392e-01
6.577228664958846283e-01
6.248836153867151078e-01
5.976007735051008796e-01
5.762838563123990898e-01
5.612458627439373959e-01
5.526983426894662710e-01
5.507480647688649533e-01
5.553953369536255291e-01
5.665340065182201679e-01
5.839531393213611699e-01
6.073403519330613509e-01
6.362867440569837107e-01
6.702933534598966014e-01
7.087790316091361342e-01
7.510896158135119682e-01
7.965082532164005080e-01
8.442667138243028502e-01
8.935575141564184865e-01
9.435466603167408373e-01
9.933868095214591909e-01
1.042230642515109773e+00
1.089244235983010345e+00
1.133620224067516169e+00
1.174590541421542955e+00
1.211438546832139140e+00
1.243510336215624346e+00
1.270225066569845351e+00
1.291084128066833481e+00
1.305679019634620630e+00
1.313697803823650201e+00
1.314930039158701325e+00
1.309270112188154256e+00
1.296718916680088762e+00
1.277383853481150577e+00
1.251477151038198565e+00
1.219312533066856830e+00
1.181300285917519233e+00
1.137940803427020420e+00
1.089816711055107579e+00
1.037583693510308658e+00
9.819601705164958672e-01
9.237159835369019856e-01
8.636602718700755466e-01
8.026287293163141268e-01
7.414704423818262446e-01
6.810345175872271062e-01
6.221567087728748779e-01
5.656462552935509480e-01
5.122731386690931865e-01
4.627559586582355999e-01
4.177506199541932697e-01
3.778400079164881964e-01
3.435248161557783453e-01
3.152156706229885530e-01
2.932266744073573350e-01
2.777704750425321056e-01
2.689549321089430567e-01
2.667814376830124901e-01
2.711449161173294931e-01
2.818355031518260945e-01
2.985418778718914035e-01
3.208561949629388788e-01
3.482805394732660376e-01
3.802348022861388732e-01
4.160658520965639928e-01
4.550578592415110979e-01
4.964436085668992860e-01
5.394166229169143900e-01
5.831439060471942382e-01
6.267791039946903897e-01
6.694758773376733307e-01
7.104012734534376206e-01
7.487488878812779136e-01
7.837516072241926812e-01
8.146937326221352915e-01
8.409222925983431685e-01
8.618573668643217944e-01
8.770012582667998657e-01
8.859463682254193895e-01
8.883816514566340583e-01
8.840975481847506146e-01
8.729893160519619499e-01
8.550587091768926395e-01
8.304139778776028491e-01
7.992681890590958016e-01
7.619358937494684625e-01
7.188281943352714531e-01
6.704462892843211508e-01
6.173735971551078672e-01
5.602665840974274669e-01
4.998444394955450232e-01
4.368777625706726231e-01
3.721764383572658264e-01
3.065768942516972628e-01
2.409289381005741415e-01
1.760823853953269735e-01
1.128736864655904698e-01
5.211276456390090406e-02
-5.429727591667390073e-03
-5.903453184965087169e-02
-1.080450980335807137e-01
-1.518779083120854745e-01
-1.900316497139377947e-01
-2.220950901367265140e-01
-2.477535336445287062e-01
-2.667937532554319202e-01
-2.791073234306620243e-01
-2.846922997147446899e-01
-2.836532190425582467e-01
-2.761994207132264512e-01
-2.626417145149017029e-01
-2.433874485509101016e-01
-2.189340545554083750e-01
-1.898611724976035642e-01
-1.568214786790659288e-01
-1.205303619753561317e-01
-8.175461103864485601e-02
-4.130029087574452890e-02
-7.581271348135244031e-15
4.130029087572939517e-02
8.175461103863013168e-02
1.205303619753419209e-01
1.568214786790524395e-01
1.898611724975909909e-01
2.189340545553968842e-01
2.433874485509000263e-01
2.626417145148929322e-01
2.761994207132193457e-01
2.836532190425526956e-01
2.846922997147409151e-01
2.791073234306599149e-01
2.667937532554316427e-01
2.477535336445300940e-01
2.220950901367296504e-01
1.900316497139426797e-01
1.518779083120918583e-01
1.080450980335885131e-01
5.903453184965998940e-02
5.429727591677614533e-03
-5.211276456388965611e-02
-1.128736864655785488e-01
-1.760823853953144280e-01
-2.409289381005612907e-01
-3.065768942516842177e-01
-3.721764383572528367e-01
-4.368777625706598555e-01
-4.998444394955329217e-01
-5.602665840974160316e-01
-6.173735971550973201e-01
-6.704462892843117139e-01
-7.188281943352632375e-01
-7.619358937494614681e-01
-7.992681890590904725e-01
-8.304139778775989633e-01
-8.550587091768903081e-01
-8.729893160519613948e-01
-8.840975481847518358e-01
-8.883816514566369449e-01
-8.859463682254239414e-01
-8.770012582668060830e-01
-8.618573668643294550e-01
-8.409222925983520502e-01
-8.146937326221456166e-01
-7.837516072242040055e-01
-7.487488878812900150e-01
-7.104012734534507212e-01
-6.694758773376870975e-01
-6.267791039947044895e-01
-5.831439060472081160e-01
-5.394166229169283788e-01
-4.964436085669128862e-01
-4.550578592415243095e-01
-4.160658520965763718e-01
-3.802348022861503640e-01
-3.482805394732763626e-01
-3.208561949629480381e-01
-2.985418778718991750e-01
-2.818355031518323672e-01
-2.711449161173341560e-01
-2.667814376830154877e-01
-2.689549321089443890e-01
-2.777704750425317171e-01
-2.932266744073551701e-01
-3.152156706229847227e-01
-3.435248161557728497e-01
-3.778400079164812020e-01
-4.177506199541847209e-01
-4.627559586582258300e-01
-5.122731386690821953e-01
-5.656462552935391797e-01
-6.221567087728622214e-01
-6.810345175872136725e-01
-7.414704423818124779e-01
-8.026287293163003600e-01
-8.636602718700616688e-01
-9.237159835368883298e-01
-9.819601705164828775e-01
-1.037583693510296223e+00
-1.089816711055096476e+00
-1.137940803427010206e+00
-1.181300285917510129e+00
-1.219312533066848836e+00
-1.251477151038192126e+00
-1.277383853481145692e+00
-1.296718916680085432e+00
-1.309270112188152702e+00
-1.314930039158701325e+00
-1.313697803823651533e+00
-1.305679019634623961e+00
-1.291084128066838366e+00
-1.270225066569851791e+00
-1.243510336215631895e+00
-1.211438546832148022e+00
-1.174590541421552947e+00
-1.133620224067527049e+00
-1.089244235983022335e+00
-1.042230642515121986e+00
-9.933868095214717364e-01
-9.435466603167533828e-01
-8.935575141564311430e-01
-8.442667138243150626e-01
-7.965082532164122764e-01
-7.510896158135231815e-01
-7.087790316091462373e-01
-6.702933534599059273e-01
-6.362867440569915933e-01
-6.073403519330679012e-01
-5.839531393213663879e-01
-5.665340065182237206e-01
-5.553953369536271945e-01
-5.507480647688650643e-01
-5.526983426894648277e-01
-5.612458627439342873e-01
-5.762838563123944269e-01
-5.976007735050944403e-01
-6.248836153867072252e-01
-6.577228664958751914e-01
-6.956189498718055031e-01
-7.379901027888048359e-01
-7.841815489941762474e-01
-8.334758227981969858e-01
-8.851040821994530239e-01
-9.382582326310541232e-01
-9.921036701292276216e-01
-1.045792442957056867e+00
-1.098476624116794031e+00
-1.149321683858262055e+00
-1.197519651290875453e+00
-1.242301857532706055e+00
-1.282951059429357610e+00
-1.318812752644159758e+00
-1.349305495705210411e+00
-1.373930082192537760e+00
-1.392277416414127611e+00
-1.404034968366227654e+00
-1.408991706178846393e+00
-1.407041428258247073e+00
-1.398184442575920672e+00
-1.382527566619957016e+00
-1.360282448008810263e+00
-1.331762232251571199e+00
-1.297376630205276493e+00
-1.257625463017458589e+00
-1.213090786353048012e+00
-1.164427718110223164e+00
-1.112354114276477901e+00
-1.057639255741657180e+00
-1.001091724482434886e+00
-9.435466603167543820e-01
-8.858525991954698808e-01
-8.288581005977819771e-01
-7.733983749229583760e-01
-7.202821217708288426e-01
-6.702787866776530601e-01
-6.241064372745970257e-01
-5.824204500673487717e-01
-5.458031862513498256e-01
-5.147548193793957116e-01
-4.896854595328917203e-01
-4.709086982013593881e-01
-4.586366756693207036e-01
-4.529767486987716363e-01
-4.539298110577928425e-01
-4.613902933794132299e-01
-4.751478423507489723e-01
-4.948906527483461493e-01
-5.202103997692254511e-01
-5.506086938694582100e-01
-5.855049563111951461e-01
-6.242455912135965734e-01
-6.661143094564174749e-01
-7.103434416195466561e-01
-7.561260615440581478e-01
-8.026287293162993608e-01
-8.490046527078146665e-01
-8.944070595045541250e-01
-9.380025698329257366e-01
-9.789843575902371642e-01
-1.016584893412982193e+00
-1.050088068215776493e+00
-1.078840506102467955e+00
-1.102261888234982834e+00
-1.119854124843215004e+00
-1.131209230724716575e+00
-1.136015780029646871e+00
-1.134063838531911950e+00
-1.125248295598324733e+00
-1.109570543305307577e+00
-1.087138476219066119e+00
-1.058164811839274799e+00
-1.022963758190401418e+00
-9.819460811112319387e-01
-9.356126490308276367e-01
-8.845465570300510283e-01
-8.294039543932753000e-01
-7.709037203015887130e-01
-7.098161504842539493e-01
-6.469508332429311226e-01
-5.831439060472080049e-01
-5.192448936687014127e-01
-4.561033354203458123e-01
-3.945554123933859847e-01
-3.354107855845909203e-01
-2.794398524803031747e-01
-2.273616230645938430e-01
-1.798324064500675667e-01
-1.374354865458266017e-01
-1.006719495793627073e-01
-6.995280812369103485e-02
-4.559254583434390468e-02
-2.780418469537029522e-02
-1.669595256257986465e-02
-1.226960355459709266e-02
-1.442041777586567861e-02
-2.293888037164668048e-02
-3.751401343095823321e-02
-5.773830818697827522e-02
-8.311417972675906596e-02
-1.130618424111956566e-01
-1.469284818007158544e-01
-1.839985784354672971e-01
-2.235052206533178765e-01
-2.646422280312491493e-01
-3.065768942516832740e-01
-3.484631484265631740e-01
-3.894549273126546307e-01
-4.287195475256422861e-01
-4.654508668605878974e-01
-4.988820271522224070e-01
-5.282975777078908752e-01
-5.530447881146949296e-01
-5.725439720064099403e-01
-5.862976589734996136e-01
-5.938984699650020627e-01
-5.950355719777620234e-01
-5.894996102339487010e-01
-5.771860400587204287e-01
-5.580968059075512855e-01
-5.323403410591792673e-01
-5.001298879742230863e-01
-4.617801658036090329e-01
-4.177024375973836245e-01
-3.683980550021540568e-01
-3.144505822463092293e-01
-2.565166236176460446e-01
-1.953154990847220385e-01
-1.316179308787101820e-01
-6.623391945027261307e-02
-6.697604397721055594e-15
6.623391945025929040e-02
1.316179308786973035e-01
1.953154990847096595e-01
2.565166236176344983e-01
3.144505822462987377e-01
3.683980550021448419e-01
4.177024375973756865e-01
4.617801658036027046e-01
5.001298879742184234e-01
5.323403410591763807e-01
5.580968059075501753e-01
5.771860400587213169e-01
5.894996102339514765e-01
5.950355719777665753e-01
5.938984699650086130e-01
5.862976589735079402e-01
5.725439720064200433e-01
5.530447881147062539e-01
5.282975777079036428e-01
4.988820271522362848e-01
4.654508668606028854e-01
4.287195475256578847e-01
3.894549273126707845e-01
3.484631484265796053e-01
3.065768942516997608e-01
2.646422280312653585e-01
2.235052206533336139e-01
1.839985784354823128e-01
1.469284818007299542e-01
1.130618424112086323e-01
8.311417972677068167e-02
5.773830818698828804e-02
3.751401343096649049e-02
2.293888037165315100e-02
1.442041777587022011e-02
1.226960355459967740e-02
1.669595256258042323e-02
2.780418469536883458e-02
4.559254583434043523e-02
6.995280812368559475e-02
1.006719495793554214e-01
1.374354865458176089e-01
1.798324064500569364e-01
2.273616230645816860e-01
2.794398524802897410e-01
3.354107855845766539e-01
3.945554123933708857e-01
4.561033354203301582e-01
5.192448936686855365e-01
5.831439060471921287e-01
6.469508332429152464e-01
7.098161504842386282e-01
7.709037203015743911e-01
8.294039543932618663e-01
8.845465570300387048e-01
9.356126490308167565e-01
9.819460811112226128e-01
1.022963758190393868e+00
1.058164811839269470e+00
1.087138476219062566e+00
1.109570543305305579e+00
1.125248295598325177e+00
1.134063838531914836e+00
1.136015780029651534e+00
1.131209230724723014e+00
1.119854124843223664e+00
1.102261888234993270e+00
1.078840506102479946e+00
1.050088068215790038e+00
1.016584893412997070e+00
9.789843575902532624e-01
9.380025698329427231e-01
8.944070595045715555e-01
8.490046527078324301e-01
8.026287293163173464e-01
7.561260615440758004e-01
7.103434416195639756e-01
6.661143094564341283e-01
6.242455912136121166e-01
5.855049563112093569e-01
5.506086938694709776e-01
5.202103997692368864e-01
4.948906527483557527e-01
4.751478423507565774e-01
4.613902933794188366e-01
4.539298110577965062e-01
4.529767486987730241e-01
4.586366756693199820e-01
4.709086982013566680e-01
4.896854595328868354e-01
5.147548193793889393e-01
5.458031862513410548e-01
5.824204500673381135e-01
6.241064372745850353e-01
6.702787866776396264e-01
7.202821217708144097e-01
7.733983749229428328e-01
8.288581005977658789e-01
8.858525991954531165e-01
9.435466603167376176e-01
1.001091724482418233e+00
1.057639255741641193e+00
1.112354114276462580e+00
1.164427718110208732e+00
1.213090786353034689e+00
1.257625463017446377e+00
1.297376630205266057e+00
1.331762232251562317e+00
1.360282448008803380e+00
1.382527566619951909e+00
1.398184442575917563e+00
1.407041428258245741e+00
1.408991706178847281e+00
1.404034968366230540e+00
1.392277416414132496e+00
1.373930082192544866e+00
1.349305495705218849e+00
1.318812752644170416e+00
1.282951059429369378e+00
1.242301857532719600e+00
1.197519651290890108e+00
1.149321683858277154e+00
1.098476624116810463e+00
1.045792442957073520e+00
9.921036701292438309e-01
9.382582326310704435e-01
8.851040821994687890e-01
8.334758227982123069e-01
7.841815489941906803e-01
7.379901027888181586e-01
6.956189498718172715e-01
6.577228664958857385e-01
6.248836153867159959e-01
5.976007735051013237e-01
5.762838563123992008e-01
5.612458627439371739e-01
5.526983426894657159e-01
5.507480647688640651e-01
5.553953369536240858e-01
5.665340065182185025e-01
5.839531393213592825e-01
6.073403519330589084e-01
6.362867440569809352e-01
6.702933534598937149e-01
7.087790316091326925e-01
7.510896158135086376e-01
7.965082532163968443e-01
8.442667138242989644e-01
8.935575141564147117e-01
9.435466603167369515e-01
9.933868095214551941e-01
1.042230642515106220e+00
1.089244235983006570e+00
1.133620224067512838e+00
1.174590541421539847e+00
1.211438546832136254e+00
1.243510336215622125e+00
1.270225066569843353e+00
1.291084128066831482e+00
1.305679019634619076e+00
1.313697803823649313e+00
1.314930039158700659e+00
1.309270112188153812e+00
1.296718916680088984e+00
1.277383853481151466e+00
1.251477151038199453e+00
1.219312533066858384e+00
1.181300285917521009e+00
1.137940803427022640e+00
1.089816711055110243e+00
1.037583693510311322e+00
9.819601705164985317e-01
9.237159835369047611e-01
8.636602718700784331e-01
8.026287293163171244e-01
7.414704423818292423e-01
6.810345175872301038e-01
6.221567087728776535e-01
5.656462552935537236e-01
5.122731386690957400e-01
4.627559586582379314e-01
4.177506199541953236e-01
3.778400079164901393e-01
3.435248161557799551e-01
3.152156706229897742e-01
2.932266744073582787e-01
2.777704750425327163e-01
2.689549321089433898e-01
2.667814376830124901e-01
2.711449161173292155e-01
2.818355031518254838e-01
2.985418778718905153e-01
3.208561949629379351e-01
3.482805394732647053e-01
3.802348022861373189e-01
4.160658520965622165e-01
4.550578592415092660e-01
4.964436085668973431e-01
5.394166229169123916e-01
5.831439060471921287e-01
6.267791039946885023e-01
6.694758773376714434e-01
7.104012734534357332e-01
7.487488878812760262e-01
7.837516072241910159e-01
8.146937326221337372e-01
8.409222925983416141e-01
8.618573668643206842e-01
8.770012582667989776e-01
8.859463682254187233e-01
8.883816514566336142e-01
8.840975481847502815e-01
8.729893160519619499e-01
8.550587091768928616e-01
8.304139778776032932e-01
7.992681890590965788e-01
7.619358937494694617e-01
7.188281943352727854e-01
6.704462892843223720e-01
6.173735971551094215e-01
5.602665840974289102e-01
4.998444394955468550e-01
4.368777625706742884e-01
3.721764383572676582e-01
3.065768942516991502e-01
2.409289381005759179e-01
1.760823853953287499e-01
1.128736864655920796e-01
5.211276456390239592e-02
-5.429727591666088163e-03
-5.903453184964976841e-02
-1.080450980335797700e-01
-1.518779083120848084e-01
-1.900316497139374616e-01
-2.220950901367264030e-01
-2.477535336445288727e-01
-2.667937532554324198e-01
-2.791073234306627460e-01
-2.846922997147457446e-01
-2.836532190425595790e-01
-2.761994207132280610e-01
-2.626417145149035903e-01
-2.433874485509122942e-01
-2.189340545554108175e-01
-1.898611724976061177e-01
-1.568214786790686210e-01
-1.205303619753589767e-01
-8.175461103864774259e-02
-4.130029087574748486e-02
-1.055428538268288420e-14
4.130029087572644614e-02
8.175461103862724510e-02
1.205303619753391314e-01
1.568214786790498583e-01
1.898611724975886039e-01
2.189340545553948025e-01
2.433874485508980279e-01
2.626417145148913224e-01
2.761994207132179580e-01
2.836532190425517519e-01
2.846922997147402490e-01
2.791073234306595818e-01
2.667937532554316427e-01
2.477535336445304270e-01
2.220950901367303165e-01
1.900316497139435679e-01
1.518779083120931073e-01
1.080450980335900257e-01
5.903453184966171718e-02
5.429727591679596455e-03
-5.211276456388751893e-02
-1.128736864655762590e-01
-1.760823853953120410e-01
-2.409289381005588482e-01
-3.065768942516818307e-01
-3.721764383572504498e-01
-4.368777625706575241e-01
-4.998444394955306458e-01
-5.602665840974137001e-01
-6.173735971550955437e-01
-6.704462892843098265e-01
-7.188281943352615722e-01
-7.619358937494602468e-01
-7.992681890590892513e-01
-8.304139778775980751e-01
-8.550587091768898640e-01
-8.729893160519611728e-01
-8.840975481847518358e-01
-8.883816514566371669e-01
-8.859463682254244965e-01
-8.770012582668067491e-01
-8.618573668643302321e-01
-8.409222925983531605e-01
-8.146937326221467268e-01
-7.837516072242055598e-01
-7.487488878812916804e-01
-7.104012734534522755e-01
-6.694758773376884298e-01
-6.267791039947059328e-01
-5.831439060472096703e-01
-5.394166229169296001e-01
-4.964436085669141629e-01
-4.550578592415254198e-01
-4.160658520965773710e-01
-3.802348022861511967e-01
-3.482805394732769733e-01
-3.208561949629484267e-01
-2.985418778718992305e-01
-2.818355031518322007e-01
-2.711449161173337674e-01
-2.667814376830147660e-01
-2.689549321089434453e-01
-2.777704750425305513e-01
-2.932266744073537268e-01
-3.152156706229830574e-01
-3.435248161557709623e-01
-3.778400079164790926e-01
-4.177506199541824450e-01
-4.627559586582234430e-01
-5.122731386690797528e-01
-5.656462552935364041e-01
-6.221567087728594458e-01
-6.810345175872113410e-01
-7.414704423818101464e-01
-8.026287293162975844e-01
-8.636602718700592263e-01
-9.237159835368862204e-01
-9.819601705164808791e-01
-1.037583693510294669e+00
-1.089816711055095144e+00
-1.137940803427009095e+00
-1.181300285917509019e+00
-1.219312533066848392e+00
-1.251477151038191904e+00
-1.277383853481145914e+00
-1.296718916680086320e+00
-1.309270112188153812e+00
-1.314930039158703101e+00
-1.313697803823653754e+00
-1.305679019634626403e+00
-1.291084128066841030e+00
-1.270225066569854899e+00
-1.243510336215635448e+00
-1.211438546832151353e+00
-1.174590541421556944e+00
-1.133620224067531268e+00
-1.089244235983026554e+00
-1.042230642515126426e+00
-9.933868095214760663e-01
-9.435466603167578237e-01
-8.935575141564354729e-01
-8.442667138243193925e-01
-7.965082532164161622e-01
-7.510896158135267342e-01
-7.087790316091496789e-01
-6.702933534599089249e-01
-6.362867440569942579e-01
-6.073403519330702327e-01
-5.839531393213682753e-01
-5.665340065182252749e-01
-5.553953369536283047e-01
-5.507480647688657305e-01
-5.526983426894650497e-01
-5.612458627439339542e-01
-5.762838563123937607e-01
-5.976007735050932190e-01
-6.248836153867055598e-01
-6.577228664958734150e-01
-6.956189498718032826e-01
-7.379901027888025045e-01
-7.841815489941735828e-01
-8.334758227981939882e-01
-8.851040821994498042e-01
-9.382582326310510146e-01
-9.921036701292244020e-01
-1.045792442957053980e+00
-1.098476624116791145e+00
-1.149321683858258503e+00
-1.197519651290872789e+00
-1.242301857532703169e+00
-1.282951059429354945e+00
-1.318812752644157538e+00
-1.349305495705208413e+00
-1.373930082192536428e+00
-1.392277416414126279e+00
-1.404034968366226543e+00
-1.408991706178845948e+00
-1.407041428258246407e+00
-1.398184442575920450e+00
-1.382527566619957460e+00
-1.360282448008810929e+00
-1.331762232251572309e+00
-1.297376630205277825e+00
-1.257625463017459699e+00
-1.213090786353049566e+00
-1.164427718110225163e+00
-1.112354114276479677e+00
-1.057639255741659401e+00
-1.001091724482437106e+00
-9.435466603167566024e-01
-8.858525991954721013e-01
-8.288581005977843086e-01
-7.733983749229603744e-01
-7.202821217708308410e-01
-6.702787866776548364e-01
-6.241064372745986910e-01
-5.824204500673502150e-01
-5.458031862513509358e-01
-5.147548193793967108e-01
-4.896854595328922755e-01
-4.709086982013597211e-01
-4.586366756693205926e-01
-4.529767486987713032e-01
-4.539298110577922318e-01
-4.613902933794122307e-01
-4.751478423507476956e-01
-4.948906527483447615e-01
-5.202103997692237858e-01
-5.506086938694563226e-01
-5.855049563111929256e-01
-6.242455912135944640e-01
-6.661143094564152545e-01
-7.103434416195442136e-01
-7.561260615440557054e-01
-8.026287293162970293e-01
-8.490046527078123351e-01
-8.944070595045519045e-01
-9.380025698329238493e-01
-9.789843575902352768e-01
-1.016584893412980639e+00
-1.050088068215775161e+00
-1.078840506102466845e+00
-1.102261888234982168e+00
-1.119854124843214338e+00
-1.131209230724716575e+00
-1.136015780029647315e+00
-1.134063838531912616e+00
-1.125248295598325621e+00
-1.109570543305308910e+00
-1.087138476219067895e+00
-1.058164811839276798e+00
-1.022963758190403860e+00
-9.819460811112348253e-01
-9.356126490308309673e-01
-8.845465570300542479e-01
-8.294039543932787417e-01
-7.709037203015923767e-01
-7.098161504842575020e-01
-6.469508332429347863e-01
-5.831439060472117797e-01
-5.192448936687052985e-01
-4.561033354203494206e-01
-3.945554123933894819e-01
-3.354107855845942510e-01
-2.794398524803061723e-01
-2.273616230645964520e-01
-1.798324064500699260e-01
-1.374354865458285724e-01
-1.006719495793642061e-01
-6.995280812369208956e-02
-4.559254583434451530e-02
-2.780418469537045481e-02
-1.669595256257956628e-02
-1.226960355459629989e-02
-1.442041777586443654e-02
-2.293888037164501167e-02
-3.751401343095619317e-02
-5.773830818697583273e-02
-8.311417972675631816e-02
-1.130618424111926312e-01
-1.469284818007125792e-01
-1.839985784354637444e-01
-2.235052206533142127e-01
-2.646422280312453745e-01
-3.065768942516796103e-01
-3.484631484265595103e-01
-3.894549273126509670e-01
-4.287195475256388444e-01
-4.654508668605846222e-01
-4.988820271522191874e-01
-5.282975777078880997e-01
-5.530447881146923761e-01
-5.725439720064079419e-01
-5.862976589734979482e-01
-5.938984699650008414e-01
-5.950355719777611352e-01
-5.894996102339482569e-01
-5.771860400587204287e-01
-5.580968059075516186e-01
-5.323403410591802665e-01
-5.001298879742241965e-01
-4.617801658036107537e-01
-4.177024375973855119e-01
-3.683980550021563327e-01
-3.144505822463117828e-01
-2.565166236176488201e-01
-1.953154990847250638e-01
-1.316179308787134294e-01
-6.623391945027590211e-02
-1.004490044339893689e-14
6.623391945025591809e-02
1.316179308786939728e-01
1.953154990847063843e-01
2.565166236176313896e-01
3.144505822462956846e-01
3.683980550021420108e-01
4.177024375973731329e-01
4.617801658036004286e-01
5.001298879742164250e-01
5.323403410591746043e-01
5.580968059075487320e-01
5.771860400587203177e-01
5.894996102339508104e-01
5.950355719777660202e-01
5.938984699650086130e-01
5.862976589735081623e-01
5.725439720064205984e-01
5.530447881147073641e-01
5.282975777079049751e-01
4.988820271522380057e-01
4.654508668606048283e-01
4.287195475256599941e-01
3.894549273126730604e-01
3.484631484265819923e-01
3.065768942517022033e-01
2.646422280312678565e-01
2.235052206533362229e-01
1.839985784354850051e-01
1.469284818007325355e-01
1.130618424112110193e-01
8.311417972677295762e-02
5.773830818699048073e-02
3.751401343096846808e-02
2.293888037165484062e-02
1.442041777587162871e-02
1.226960355460076854e-02
1.669595256258121774e-02
2.780418469536926826e-02
4.559254583434049768e-02
6.995280812368528944e-02
1.006719495793546998e-01
1.374354865458165820e-01
1.798324064500556596e-01
2.273616230645799652e-01
2.794398524802876871e-01
3.354107855845741004e-01
3.945554123933682211e-01
4.561033354203273271e-01
5.192448936686825389e-01
5.831439060471887981e-01
6.469508332429119157e-01
7.098161504842350755e-01
7.709037203015706163e-01
8.294039543932580916e-01
8.845465570300350411e-01
9.356126490308134258e-01
9.819460811112191712e-01
1.022963758190390537e+00
1.058164811839266362e+00
1.087138476219059902e+00
1.109570543305303136e+00
1.125248295598322956e+00
1.134063838531912838e+00
1.136015780029649980e+00
1.131209230724721682e+00
1.119854124843222776e+00
1.102261888234992604e+00
1.078840506102479724e+00
1.050088068215789816e+00
1.016584893412997515e+00
9.789843575902537065e-01
9.380025698329433892e-01
8.944070595045725547e-01
8.490046527078334293e-01
8.026287293163185677e-01
7.561260615440771327e-01
7.103434416195651968e-01
6.661143094564355716e-01
6.242455912136134488e-01
5.855049563112109112e-01
5.506086938694725319e-01
5.202103997692383297e-01
4.948906527483569739e-01
4.751478423507578541e-01
4.613902933794198913e-01
4.539298110577974499e-01
4.529767486987738567e-01
4.586366756693205926e-01
4.709086982013571121e-01
4.896854595328872239e-01
5.147548193793891613e-01
5.458031862513409438e-01
5.824204500673381135e-01
6.241064372745845912e-01
6.702787866776391823e-01
7.202821217708138546e-01
7.733983749229423887e-01
8.288581005977653238e-01
8.858525991954526724e-01
9.435466603167370625e-01
1.001091724482417789e+00
1.057639255741640527e+00
1.112354114276461914e+00
1.164427718110208287e+00
1.213090786353034245e+00
1.257625463017445933e+00
1.297376630205265835e+00
1.331762232251562317e+00
1.360282448008803380e+00
1.382527566619952353e+00
1.398184442575917785e+00
1.407041428258246407e+00
1.408991706178848391e+00
1.404034968366231428e+00
1.392277416414133828e+00
1.373930082192546198e+00
1.349305495705220848e+00
1.318812752644171971e+00
1.282951059429371377e+00
1.242301857532721376e+00
1.197519651290892106e+00
1.149321683858279153e+00
1.098476624116812017e+00
1.045792442957075519e+00
9.921036701292460513e-01
9.382582326310724419e-01
8.851040821994707875e-01
8.334758227982141943e-01
7.841815489941924566e-01
7.379901027888198239e-01
6.956189498718188258e-01
6.577228664958868487e-01
6.248836153867169951e-01
5.976007735051019898e-01
5.762838563123997560e-01
5.612458627439373959e-01
5.526983426894656048e-01
5.507480647688636211e-01
5.553953369536233087e-01
5.665340065182175033e-01
5.839531393213580612e-01
6.073403519330573541e-01
6.362867440569791588e-01
6.702933534598917165e-01
7.087790316091306941e-01
7.510896158135063061e-01
7.965082532163946238e-01
8.442667138242967440e-01
8.935575141564122692e-01
9.435466603167343980e-01
9.933868095214530847e-01
1.042230642515104000e+00
1.089244235983004794e+00
1.133620224067510840e+00
1.174590541421538070e+00
1.211438546832134477e+00
1.243510336215620571e+00
1.270225066569842021e+00
1.291084128066830816e+00
1.305679019634618632e+00
1.313697803823649313e+00
1.314930039158701103e+00
1.309270112188154700e+00
1.296718916680089873e+00
1.277383853481152798e+00
1.251477151038201452e+00
1.219312533066860382e+00
1.181300285917523230e+00
1.137940803427025305e+00
1.089816711055112686e+00
1.037583693510313987e+00
9.819601705165017513e-01
9.237159835369078698e-01
8.636602718700815418e-01
8.026287293163202330e-01
7.414704423818323509e-01
6.810345175872331014e-01
6.221567087728804291e-01
5.656462552935561661e-01
5.122731386690979605e-01
4.627559586582398743e-01
4.177506199541969889e-01
3.778400079164915271e-01
3.435248161557808988e-01
3.152156706229904404e-01
2.932266744073585563e-01
2.777704750425326052e-01
2.689549321089427791e-01
2.667814376830114353e-01
2.711449161173278832e-01
2.818355031518237630e-01
2.985418778718883503e-01
3.208561949629353260e-01
3.482805394732618742e-01
3.802348022861342658e-01
4.160658520965590523e-01
4.550578592415057133e-01
4.964436085668935683e-01
5.394166229169085058e-01
5.831439060471882430e-01
6.267791039946847276e-01
6.694758773376675576e-01
7.104012734534320694e-01
7.487488878812725845e-01
7.837516072241877962e-01
8.146937326221307396e-01
8.409222925983389496e-01
8.618573668643184638e-01
8.770012582667972012e-01
8.859463682254172801e-01
8.883816514566325040e-01
8.840975481847498374e-01
8.729893160519618389e-01
8.550587091768933057e-01
8.304139778776041814e-01
7.992681890590978000e-01
7.619358937494710160e-01
7.188281943352746728e-01
6.704462892843250366e-01
6.173735971551123081e-01
5.602665840974320188e-01
4.998444394955499637e-01
4.368777625706777301e-01
3.721764383572713775e-01
3.065768942517029250e-01
2.409289381005797759e-01
1.760823853953324691e-01
1.128736864655959654e-01
5.211276456390605966e-02
-5.429727591662583154e-03
-5.903453184964648631e-02
-1.080450980335767169e-01
-1.518779083120819495e-01
-1.900316497139349081e-01
-2.220950901367242103e-01
-2.477535336445269576e-01
-2.667937532554309765e-01
-2.791073234306616357e-01
-2.846922997147450229e-01
-2.836532190425591349e-01
-2.761994207132280610e-01
-2.626417145149038124e-01
-2.433874485509127938e-01
-2.189340545554114836e-01
-1.898611724976071724e-01
-1.568214786790698700e-01
-1.205303619753603506e-01
-8.175461103864924139e-02
-4.130029087574894897e-02
-1.219045469093831677e-14
4.130029087572491958e-02
8.175461103862580181e-02
1.205303619753378547e-01
1.568214786790486925e-01
1.898611724975876602e-01
2.189340545553941919e-01
2.433874485508977226e-01
2.626417145148912669e-01
2.761994207132182910e-01
2.836532190425523625e-01
2.846922997147412482e-01
2.791073234306609696e-01
2.667937532554334745e-01
2.477535336445325087e-01
2.220950901367327868e-01
1.900316497139463434e-01
1.518779083120961881e-01
1.080450980335933564e-01
5.903453184966525602e-02
5.429727591683301824e-03
-5.211276456388359846e-02
-1.128736864655722621e-01
-1.760823853953080997e-01
-2.409289381005548791e-01
-3.065768942516780005e-01
-3.721764383572466750e-01
-4.368777625706539158e-01
-4.998444394955273151e-01
-5.602665840974108136e-01
-6.173735971550926571e-01
-6.704462892843073840e-01
-7.188281943352596848e-01
-7.619358937494588035e-01
-7.992681890590884741e-01
-8.304139778775977421e-01
-8.550587091768900860e-01
-8.729893160519617279e-01
-8.840975481847528350e-01
-8.883816514566387212e-01
-8.859463682254263839e-01
-8.770012582668091916e-01
-8.618573668643333408e-01
-8.409222925983564911e-01
-8.146937326221507236e-01
-7.837516072242095566e-01
-7.487488878812960102e-01
-7.104012734534570495e-01
-6.694758773376933148e-01
-6.267791039947108178e-01
-5.831439060472146663e-01
-5.394166229169345961e-01
-4.964436085669191034e-01
-4.550578592415303048e-01
-4.160658520965819229e-01
-3.802348022861554711e-01
-3.482805394732811921e-01
-3.208561949629523125e-01
-2.985418778719027277e-01
-2.818355031518353648e-01
-2.711449161173363764e-01
-2.667814376830169865e-01
-2.689549321089452216e-01
-2.777704750425318281e-01
-2.932266744073546150e-01
-3.152156706229834460e-01
-3.435248161557709623e-01
-3.778400079164786485e-01
-4.177506199541817233e-01
-4.627559586582222217e-01
-5.122731386690781985e-01
-5.656462552935347388e-01
-6.221567087728574474e-01
-6.810345175872090095e-01
-7.414704423818074819e-01
-8.026287293162950309e-01
-8.636602718700565617e-01
-9.237159835368833338e-01
-9.819601705164778815e-01
-1.037583693510291782e+00
-1.089816711055092036e+00
-1.137940803427006209e+00
-1.181300285917506354e+00
-1.219312533066845727e+00
-1.251477151038189239e+00
-1.277383853481143250e+00
-1.296718916680083655e+00
-1.309270112188151591e+00
-1.314930039158700881e+00
-1.313697803823651755e+00
-1.305679019634624627e+00
-1.291084128066839476e+00
-1.270225066569853567e+00
-1.243510336215634338e+00
-1.211438546832150465e+00
-1.174590541421556056e+00
-1.133620224067530602e+00
-1.089244235983026110e+00
-1.042230642515126204e+00
-9.933868095214758442e-01
-9.435466603167578237e-01
-8.935575141564353618e-01
-8.442667138243195035e-01
-7.965082532164163842e-01
-7.510896158135272893e-01
-7.087790316091502341e-01
-6.702933534599093690e-01
-6.362867440569948130e-01
-6.073403519330706768e-01
-5.839531393213689414e-01
-5.665340065182259410e-01
-5.553953369536289708e-01
-5.507480647688661746e-01
-5.526983426894653828e-01
-5.612458627439342873e-01
-5.762838563123938718e-01
-5.976007735050935521e-01
-6.248836153867055598e-01
-6.577228664958733040e-01
-6.956189498718029496e-01
-7.379901027888021714e-01
-7.841815489941731387e-01
-8.334758227981934331e-01
-8.851040821994493601e-01
-9.382582326310505705e-01
-9.921036701292237359e-01
-1.045792442957053314e+00
-1.098476624116790035e+00
-1.149321683858258059e+00
-1.197519651290872345e+00
-1.242301857532702725e+00
-1.282951059429354501e+00
-1.318812752644157094e+00
-1.349305495705208191e+00
-1.373930082192536428e+00
-1.392277416414126501e+00
-1.404034968366226988e+00
-1.408991706178846615e+00
-1.407041428258247739e+00
-1.398184442575921782e+00
-1.382527566619959014e+00
-1.360282448008812706e+00
-1.331762232251574085e+00
-1.297376630205280046e+00
-1.257625463017462364e+00
-1.213090786353052231e+00
-1.164427718110227827e+00
-1.112354114276482564e+00
-1.057639255741661843e+00
-1.001091724482439771e+00
-9.435466603167591559e-01
-8.858525991954743217e-01
-8.288581005977865290e-01
-7.733983749229624838e-01
-7.202821217708327284e-01
-6.702787866776562797e-01
-6.241064372745999123e-01
-5.824204500673509921e-01
-5.458031862513514909e-01
-5.147548193793967108e-01
-4.896854595328920534e-01
-4.709086982013589995e-01
-4.586366756693195379e-01
-4.529767486987697489e-01
-4.539298110577902889e-01
-4.613902933794098993e-01
-4.751478423507449755e-01
-4.948906527483414863e-01
-5.202103997692202331e-01
-5.506086938694522148e-01
-5.855049563111889288e-01
-6.242455912135901341e-01
-6.661143094564108136e-01
-7.103434416195397727e-01
-7.561260615440512645e-01
-8.026287293162928105e-01
-8.490046527078080052e-01
-8.944070595045476857e-01
-9.380025698329198525e-01
-9.789843575902318351e-01
-1.016584893412977086e+00
-1.050088068215772275e+00
-1.078840506102464181e+00
-1.102261888234980169e+00
-1.119854124843213228e+00
-1.131209230724715686e+00
-1.136015780029647093e+00
-1.134063838531913060e+00
-1.125248295598326509e+00
-1.109570543305310242e+00
-1.087138476219069894e+00
-1.058164811839279684e+00
-1.022963758190406969e+00
-9.819460811112382670e-01
-9.356126490308346311e-01
-8.845465570300585778e-01
-8.294039543932832936e-01
-7.709037203015970396e-01
-7.098161504842623870e-01
-6.469508332429397823e-01
-5.831439060472169977e-01
-5.192448936687101835e-01
-4.561033354203541945e-01
-3.945554123933939783e-01
-3.354107855845985253e-01
-2.794398524803101691e-01
-2.273616230646001712e-01
-1.798324064500732566e-01
-1.374354865458315145e-01
-1.006719495793666763e-01
-6.995280812369408796e-02
-4.559254583434597247e-02
-2.780418469537137421e-02
-1.669595256257994098e-02
-1.226960355459616459e-02
-1.442041777586377041e-02
-2.293888037164384594e-02
-3.751401343095443763e-02
-5.773830818697373024e-02
-8.311417972675382015e-02
-1.130618424111897863e-01
-1.469284818007093874e-01
-1.839985784354602194e-01
-2.235052206533104380e-01
-2.646422280312415443e-01
-3.065768942516754469e-01
-3.484631484265552914e-01
-3.894549273126467481e-01
-4.287195475256347921e-01
-4.654508668605807920e-01
-4.988820271522154126e-01
-5.282975777078845470e-01
-5.530447881146890454e-01
-5.725439720064048332e-01
-5.862976589734951727e-01
-5.938984699649985100e-01
-5.950355719777590258e-01
-5.894996102339467026e-01
-5.771860400587193185e-01
-5.580968059075509524e-01
-5.323403410591799334e-01
-5.001298879742244186e-01
-4.617801658036112533e-01
-4.177024375973865666e-01
-3.683980550021577760e-01
-3.144505822463135036e-01
-2.565166236176508185e-01
-1.953154990847272565e-01
-1.316179308787159274e-01
-6.623391945027855277e-02
-1.279590042632779829e-14
6.623391945025301764e-02
1.316179308786909197e-01
1.953154990847035255e-01
2.565166236176285031e-01
3.144505822462930200e-01
3.683980550021393463e-01
4.177024375973706349e-01
4.617801658035981527e-01
5.001298879742144265e-01
5.323403410591728280e-01
5.580968059075472887e-01
5.771860400587188744e-01
5.894996102339497002e-01
5.950355719777653540e-01
5.938984699650081689e-01
5.862976589735079402e-01
5.725439720064204874e-01
5.530447881147073641e-01
5.282975777079051971e-01
4.988820271522382832e-01
4.654508668606052169e-01
4.287195475256605492e-01
3.894549273126735600e-01
3.484631484265827139e-01
3.065768942517029805e-01
2.646422280312685227e-01
2.235052206533366670e-01
1.839985784354854215e-01
1.469284818007328686e-01
1.130618424112111581e-01
8.311417972677290211e-02
5.773830818699025869e-02
3.751401343096817664e-02
2.293888037165429938e-02
1.442041777587086716e-02
1.226960355459983353e-02
1.669595256258005894e-02
2.780418469536793599e-02
4.559254583433899194e-02
6.995280812368367962e-02
1.006719495793529789e-01
1.374354865458147223e-01
1.798324064500536612e-01
2.273616230645780778e-01
2.794398524802857442e-01
3.354107855845722685e-01
3.945554123933663893e-01
4.561033354203255508e-01
5.192448936686808736e-01
5.831439060471873548e-01
6.469508332429105835e-01
7.098161504842340763e-01
7.709037203015698392e-01
8.294039543932575365e-01
8.845465570300347080e-01
9.356126490308134258e-01
9.819460811112197263e-01
1.022963758190391426e+00
1.058164811839267472e+00
1.087138476219061234e+00
1.109570543305304691e+00
1.125248295598324955e+00
1.134063838531915058e+00
1.136015780029652644e+00
1.131209230724724346e+00
1.119854124843225662e+00
1.102261888234995713e+00
1.078840506102482832e+00
1.050088068215793369e+00
1.016584893413000623e+00
9.789843575902572592e-01
9.380025698329468309e-01
8.944070595045758854e-01
8.490046527078366490e-01
8.026287293163215653e-01
7.561260615440799082e-01
7.103434416195677503e-01
6.661143094564376810e-01
6.242455912136156693e-01
5.855049563112125766e-01
5.506086938694737531e-01
5.202103997692388848e-01
4.948906527483573070e-01
4.751478423507575766e-01
4.613902933794192807e-01
4.539298110577961731e-01
4.529767486987721359e-01
4.586366756693183722e-01
4.709086982013544476e-01
4.896854595328840598e-01
5.147548193793854976e-01
5.458031862513371690e-01
5.824204500673338947e-01
6.241064372745801503e-01
6.702787866776342973e-01
7.202821217708088586e-01
7.733983749229371707e-01
8.288581005977597727e-01
8.858525991954472323e-01
9.435466603167317334e-01
1.001091724482412459e+00
1.057639255741634976e+00
1.112354114276456807e+00
1.164427718110203624e+00
1.213090786353029804e+00
1.257625463017441492e+00
1.297376630205262060e+00
1.331762232251558986e+00
1.360282448008800493e+00
1.382527566619950132e+00
1.398184442575916231e+00
1.407041428258245075e+00
1.408991706178847725e+00
1.404034968366231428e+00
1.392277416414134272e+00
1.373930082192547308e+00
1.349305495705221958e+00
1.318812752644173747e+00
1.282951059429373597e+00
1.242301857532724041e+00
1.197519651290894993e+00
1.149321683858282261e+00
1.098476624116815792e+00
1.045792442957079293e+00
9.921036701292501592e-01
9.382582326310764387e-01
8.851040821994750063e-01
8.334758227982181911e-01
7.841815489941963424e-01
7.379901027888234877e-01
6.956189498718222675e-01
6.577228664958900684e-01
6.248836153867199927e-01
5.976007735051044323e-01
5.762838563124019764e-01
5.612458627439391723e-01
5.526983426894670481e-01
5.507480647688646203e-01
5.553953369536239748e-01
5.665340065182176144e-01
5.839531393213573951e-01
6.073403519330565770e-01
6.362867440569778266e-01
6.702933534598900511e-01
7.087790316091285847e-01
7.510896158135039746e-01
7.965082532163918483e-01
8.442667138242937463e-01
8.935575141564091606e-01
9.435466603167311783e-01
9.933868095214497540e-01
1.042230642515100669e+00
1.089244235983001463e+00
1.133620224067507731e+00
1.174590541421534740e+00
1.211438546832131591e+00
1.243510336215617906e+00
1.270225066569839800e+00
1.291084128066828374e+00
1.305679019634616633e+00
1.313697803823647314e+00
1.314930039158699548e+00
1.309270112188153590e+00
1.296718916680089428e+00
1.277383853481152132e+00
1.251477151038201008e+00
1.219312533066860826e+00
1.181300285917524118e+00
1.137940803427025971e+00
1.089816711055113796e+00
1.037583693510315319e+00
9.819601705165028616e-01
9.237159835369092020e-01
8.636602718700828740e-01
8.026287293163215653e-01
7.414704423818336831e-01
6.810345175872344337e-01
6.221567087728818723e-01
5.656462552935576094e-01
5.122731386690992927e-01
4.627559586582410400e-01
4.177506199541978771e-01
3.778400079164920822e-01
3.435248161557813984e-01
3.152156706229907734e-01
2.932266744073585563e-01
2.777704750425323832e-01
2.689549321089423350e-01
2.667814376830108247e-01
2.711449161173269395e-01
2.818355031518226528e-01
2.985418778718871846e-01
3.208561949629339938e-01
3.482805394732604309e-01
3.802348022861327115e-01
4.160658520965573870e-01
4.550578592415041590e-01
4.964436085668920140e-01
5.394166229169071736e-01
5.831439060471867997e-01
6.267791039946835063e-01
6.694758773376664474e-01
7.104012734534311813e-01
7.487488878812719184e-01
7.837516072241873522e-01
8.146937326221305176e-01
8.409222925983389496e-01
8.618573668643185748e-01
8.770012582667977563e-01
8.859463682254183903e-01
8.883816514566339473e-01
8.840975481847515027e-01
8.729893160519637263e-01
8.550587091768955261e-01
8.304139778776066239e-01
7.992681890591005756e-01
7.619358937494743467e-01
7.188281943352780035e-01
6.704462892843282562e-01
6.173735971551159718e-01
5.602665840974357936e-01
4.998444394955537939e-01
4.368777625706817269e-01
3.721764383572750967e-01
3.065768942517065887e-01
2.409289381005833564e-01
1.760823853953358831e-01
1.128736864655991434e-01
5.211276456390897399e-02
-5.429727591659938568e-03
-5.903453184964418260e-02
-1.080450980335747879e-01
-1.518779083120804785e-01
-1.900316497139338812e-01
-2.220950901367236274e-01
-2.477535336445268743e-01
-2.667937532554313096e-01
-2.791073234306624684e-01
-2.846922997147463552e-01
-2.836532190425610223e-01
-2.761994207132303369e-01
-2.626417145149065879e-01
-2.433874485509159302e-01
-2.189340545554150363e-01
-1.898611724976110304e-01
-1.568214786790741999e-01
-1.205303619753649025e-01
-8.175461103865401535e-02
-4.130029087575405600e-02
-1.741931543254830319e-14
4.130029087571959051e-02
8.175461103862037560e-02
1.205303619753324285e-01
1.568214786790431692e-01
1.898611724975821924e-01
2.189340545553887241e-01
2.433874485508924490e-01
2.626417145148860488e-01
2.761994207132133505e-01
2.836532190425475330e-01
2.846922997147366408e-01
2.791073234306567508e-01
2.667937532554294777e-01
2.477535336445288727e-01
2.220950901367294283e-01
1.900316497139434013e-01
1.518779083120936069e-01
1.080450980335911221e-01
5.903453184966339640e-02
5.429727591681761389e-03
-5.211276456388492379e-02
-1.128736864655731503e-01
-1.760823853953085993e-01
-2.409289381005551012e-01
-3.065768942516778339e-01
-3.721764383572462309e-01
-4.368777625706533052e-01
-4.998444394955263714e-01
-5.602665840974099254e-01
-6.173735971550914359e-01
-6.704462892843060517e-01
-7.188281943352583525e-01
-7.619358937494574713e-01
-7.992681890590868088e-01
-8.304139778775958547e-01
-8.550587091768881987e-01
-8.729893160519600626e-01
-8.840975481847512807e-01
-8.883816514566372780e-01
-8.859463682254250516e-01
-8.770012582668079704e-01
-8.618573668643321195e-01
-8.409222925983554919e-01
-8.146937326221496134e-01
-7.837516072242086684e-01
-7.487488878812951221e-01
-7.104012734534560503e-01
-6.694758773376925376e-01
-6.267791039947102627e-01
-5.831439060472140001e-01
-5.394166229169340410e-01
-4.964436085669185483e-01
-4.550578592415294166e-01
-4.160658520965810347e-01
-3.802348022861544719e-01
-3.482805394732799709e-01
-3.208561949629510357e-01
-2.985418778719011179e-01
-2.818355031518335330e-01
-2.711449161173344891e-01
-2.667814376830147660e-01
-2.689549321089427791e-01
-2.777704750425291080e-01
-2.932266744073517284e-01
-3.152156706229802818e-01
-3.435248161557675761e-01
-3.778400079164751513e-01
-4.177506199541780596e-01
-4.627559586582183915e-01
-5.122731386690743127e-01
-5.656462552935308530e-01
-6.221567087728534506e-01
-6.810345175872052348e-01
-7.414704423818039292e-01
-8.026287293162914782e-01
-8.636602718700532311e-01
-9.237159835368803362e-01
-9.819601705164753280e-01
-1.037583693510289340e+00
-1.089816711055090481e+00
-1.137940803427004655e+00
-1.181300285917505466e+00
-1.219312533066845505e+00
-1.251477151038189684e+00
-1.277383853481144360e+00
-1.296718916680085210e+00
-1.309270112188153812e+00
-1.314930039158703545e+00
-1.313697803823655086e+00
-1.305679019634627958e+00
-1.291084128066843917e+00
-1.270225066569858230e+00
-1.243510336215639445e+00
-1.211438546832156016e+00
-1.174590541421561829e+00
-1.133620224067536375e+00
-1.089244235983031661e+00
-1.042230642515131978e+00
-9.933868095214816174e-01
-9.435466603167632638e-01
-8.935575141564406909e-01
-8.442667138243242775e-01
-7.965082532164210471e-01
-7.510896158135311751e-01
-7.087790316091536758e-01
-6.702933534599121446e-01
-6.362867440569970334e-01
-6.073403519330721201e-01
-5.839531393213696076e-01
-5.665340065182258300e-01
-5.553953369536280826e-01
-5.507480647688646203e-01
-5.526983426894631624e-01
-5.612458627439314007e-01
-5.762838563123903191e-01
-5.976007735050893332e-01
-6.248836153867010079e-01
-6.577228664958681970e-01
-6.956189498717975095e-01
-7.379901027887962872e-01
-7.841815489941668105e-01
-8.334758227981869938e-01
-8.851040821994426988e-01
-9.382582326310436871e-01
-9.921036701292168525e-01
-1.045792442957046653e+00
-1.098476624116783817e+00
-1.149321683858251619e+00
-1.197519651290866349e+00
-1.242301857532696951e+00
-1.282951059429349394e+00
-1.318812752644152431e+00
-1.349305495705203528e+00
-1.373930082192531987e+00
-1.392277416414122948e+00
-1.404034968366223879e+00
-1.408991706178843950e+00
-1.407041428258245741e+00
-1.398184442575920228e+00
-1.382527566619957904e+00
-1.360282448008812262e+00
-1.331762232251574307e+00
-1.297376630205280712e+00
-1.257625463017463030e+00
-1.213090786353053119e+00
-1.164427718110229160e+00
-1.112354114276484340e+00
-1.057639255741663842e+00
-1.001091724482442213e+00
-9.435466603167617095e-01
-8.858525991954773193e-01
-8.288581005977894156e-01
-7.733983749229654814e-01
-7.202821217708357260e-01
-6.702787866776592773e-01
-6.241064372746029099e-01
-5.824204500673539897e-01
-5.458031862513541554e-01
-5.147548193793993754e-01
-4.896854595328946069e-01
-4.709086982013613865e-01
-4.586366756693217028e-01
-4.529767486987716918e-01
-4.539298110577920653e-01
-4.613902933794113981e-01
-4.751478423507461968e-01
-4.948906527483425410e-01
-5.202103997692210102e-01
-5.506086938694528810e-01
-5.855049563111892619e-01
-6.242455912135902452e-01
-6.661143094564108136e-01
-7.103434416195394396e-01
-7.561260615440507094e-01
-8.026287293162920333e-01
-8.490046527078072280e-01
-8.944070595045466865e-01
-9.380025698329187422e-01
-9.789843575902306139e-01
-1.016584893412975976e+00
-1.050088068215770942e+00
-1.078840506102463070e+00
-1.102261888234978615e+00
-1.119854124843211451e+00
-1.131209230724714132e+00
-1.136015780029645095e+00
-1.134063838531911284e+00
-1.125248295598324955e+00
-1.109570543305308910e+00
-1.087138476219068339e+00
-1.058164811839277908e+00
-1.022963758190405414e+00
-9.819460811112363796e-01
-9.356126490308329657e-01
-8.845465570300569125e-01
-8.294039543932816283e-01
-7.709037203015953743e-01
-7.098161504842608327e-01
-6.469508332429381170e-01
-5.831439060472154434e-01
-5.192448936687086292e-01
-4.561033354203526402e-01
-3.945554123933925350e-01
-3.354107855845970820e-01
-2.794398524803087258e-01
-2.273616230645987280e-01
-1.798324064500717578e-01
-1.374354865458300989e-01
-1.006719495793653857e-01
-6.995280812369281120e-02
-4.559254583434476510e-02
-2.780418469537024317e-02
-1.669595256257887933e-02
-1.226960355459522957e-02
-1.442041777586293601e-02
-2.293888037164313123e-02
-3.751401343095390334e-02
-5.773830818697339717e-02
-8.311417972675362587e-02
-1.130618424111897030e-01
-1.469284818007094429e-01
-1.839985784354606357e-01
-2.235052206533110764e-01
-2.646422280312423214e-01
-3.065768942516766127e-01
-3.484631484265565127e-01
-3.894549273126484135e-01
-4.287195475256364574e-01
-4.654508668605827904e-01
-4.988820271522176886e-01
-5.282975777078869895e-01
-5.530447881146918210e-01
-5.725439720064078308e-01
-5.862976589734985033e-01
-5.938984699650019516e-01
-5.950355719777626895e-01
-5.894996102339505883e-01
-5.771860400587234263e-01
-5.580968059075551713e-01
-5.323403410591841523e-01
-5.001298879742288594e-01
-4.617801658036155832e-01
-4.177024375973908965e-01
-3.683980550021620504e-01
-3.144505822463177225e-01
-2.565166236176549819e-01
-1.953154990847313643e-01
-1.316179308787197300e-01
-6.623391945028211936e-02
-1.617886988842675908e-14
6.623391945025007554e-02
1.316179308786883939e-01
1.953154990847012495e-01
2.565166236176267267e-01
3.144505822462916322e-01
3.683980550021384026e-01
4.177024375973702464e-01
4.617801658035982637e-01
5.001298879742150927e-01
5.323403410591741602e-01
5.580968059075489540e-01
5.771860400587212059e-01
5.894996102339525867e-01
5.950355719777687957e-01
5.938984699650121657e-01
5.862976589735122701e-01
5.725439720064252613e-01
5.530447881147126932e-01
5.282975777079109703e-01
4.988820271522442229e-01
4.654508668606114896e-01
4.287195475256670441e-01
3.894549273126803879e-01
3.484631484265895973e-01
3.065768942517098639e-01
2.646422280312754061e-01
2.235052206533435504e-01
1.839985784354920550e-01
1.469284818007391968e-01
1.130618424112172921e-01
8.311417972677873078e-02
5.773830818699573347e-02
3.751401343097313101e-02
2.293888037165883048e-02
1.442041777587492121e-02
1.226960355460332899e-02
1.669595256258300450e-02
2.780418469537028828e-02
4.559254583434076136e-02
6.995280812368484535e-02
1.006719495793535896e-01
1.374354865458147223e-01
1.798324064500531616e-01
2.273616230645770508e-01
2.794398524802842454e-01
3.354107855845702701e-01
3.945554123933640578e-01
4.561033354203228862e-01
5.192448936686778760e-01
5.831439060471839131e-01
6.469508332429071418e-01
7.098161504842303016e-01
7.709037203015660644e-01
8.294039543932538727e-01
8.845465570300312663e-01
9.356126490308099841e-01
9.819460811112162846e-01
1.022963758190388095e+00
1.058164811839264585e+00
1.087138476219058791e+00
1.109570543305302914e+00
1.125248295598323400e+00
1.134063838531913726e+00
1.136015780029651756e+00
1.131209230724724124e+00
1.119854124843225662e+00
1.102261888234996601e+00
1.078840506102484165e+00
1.050088068215794923e+00
1.016584893413002399e+00
9.789843575902595907e-01
9.380025698329496064e-01
8.944070595045787719e-01
8.490046527078398686e-01
8.026287293163248959e-01
7.561260615440833499e-01
7.103434416195713030e-01
6.661143094564413447e-01
6.242455912136191110e-01
5.855049563112160182e-01
5.506086938694769728e-01
5.202103997692418824e-01
4.948906527483601381e-01
4.751478423507601301e-01
4.613902933794215011e-01
4.539298110577980605e-01
4.529767486987737457e-01
4.586366756693195934e-01
4.709086982013551692e-01
4.896854595328845039e-01
5.147548193793854976e-01
5.458031862513369470e-01
5.824204500673332285e-01
6.241064372745793731e-01
6.702787866776331871e-01
7.202821217708076373e-01
7.733983749229356164e-01
8.288581005977582183e-01
8.858525991954455669e-01
9.435466603167300681e-01
1.001091724482410683e+00
1.057639255741633422e+00
1.112354114276455253e+00
1.164427718110202070e+00
1.213090786353028250e+00
1.257625463017440381e+00
1.297376630205260950e+00
1.331762232251558098e+00
1.360282448008800049e+00
1.382527566619949688e+00
1.398184442575915565e+00
1.407041428258244853e+00
1.408991706178847503e+00
1.404034968366231428e+00
1.392277416414134272e+00
1.373930082192547086e+00
1.349305495705222180e+00
1.318812752644173969e+00
1.282951059429373819e+00
1.242301857532723819e+00
1.197519651290895215e+00
1.149321683858282706e+00
1.098476624116816014e+00
1.045792442957079071e+00
9.921036701292493820e-01
9.382582326310757725e-01
8.851040821994737851e-01
8.334758227982169698e-01
7.841815489941947881e-01
7.379901027888217113e-01
6.956189498718201580e-01
6.577228664958877369e-01
6.248836153867172172e-01
5.976007735051016567e-01
5.762838563123990898e-01
5.612458627439360637e-01
5.526983426894634954e-01
5.507480647688610675e-01
5.553953369536202000e-01
5.665340065182138396e-01
5.839531393213536203e-01
6.073403519330524691e-01
6.362867440569740518e-01
6.702933534598861653e-01
7.087790316091248100e-01
7.510896158135000888e-01
7.965082532163881845e-01
8.442667138242901936e-01
8.935575141564058299e-01
9.435466603167280697e-01
9.933868095214468674e-01
1.042230642515098005e+00
1.089244235982999021e+00
1.133620224067505511e+00
1.174590541421533407e+00
1.211438546832130481e+00
1.243510336215617240e+00
1.270225066569839356e+00
1.291084128066828818e+00
1.305679019634617521e+00
1.313697803823648647e+00
1.314930039158701325e+00
1.309270112188156032e+00
1.296718916680092093e+00
1.277383853481155462e+00
1.251477151038204338e+00
1.219312533066864379e+00
1.181300285917527892e+00
1.137940803427030634e+00
1.089816711055118681e+00
1.037583693510320870e+00
9.819601705165084127e-01
9.237159835369150862e-01
8.636602718700888692e-01
8.026287293163276715e-01
7.414704423818397894e-01
6.810345175872402068e-01
6.221567087728875345e-01
5.656462552935631605e-01
5.122731386691046218e-01
4.627559586582461471e-01
4.177506199542027621e-01
3.778400079164966341e-01
3.435248161557855617e-01
3.152156706229943817e-01
2.932266744073617204e-01
2.777704750425351032e-01
2.689549321089445555e-01
2.667814376830124901e-01
2.711449161173281053e-01
2.818355031518232079e-01
2.985418778718872956e-01
3.208561949629334942e-01
3.482805394732593207e-01
3.802348022861314347e-01
4.160658520965554996e-01
4.550578592415019941e-01
4.964436085668894605e-01
5.394166229169043980e-01
5.831439060471836910e-01
6.267791039946802867e-01
6.694758773376630057e-01
7.104012734534272955e-01
7.487488878812682547e-01
7.837516072241836884e-01
8.146937326221270759e-01
8.409222925983355079e-01
8.618573668643154662e-01
8.770012582667943146e-01
8.859463682254153927e-01
8.883816514566312827e-01
8.840975481847488382e-01
8.729893160519612838e-01
8.550587091768933057e-01
8.304139778776048475e-01
7.992681890590991323e-01
7.619358937494729034e-01
7.188281943352771153e-01
6.704462892843277011e-01
6.173735971551150836e-01
5.602665840974355715e-01
4.998444394955536829e-01
4.368777625706817824e-01
3.721764383572753743e-01
3.065768942517069773e-01
2.409289381005837172e-01
1.760823853953364659e-01
1.128736864655997679e-01
5.211276456390948747e-02
-5.429727591659366109e-03
-5.903453184964362055e-02
-1.080450980335741912e-01
-1.518779083120799789e-01
-1.900316497139333816e-01
-2.220950901367232666e-01
-2.477535336445265413e-01
-2.667937532554310320e-01
-2.791073234306622464e-01
-2.846922997147462442e-01
-2.836532190425609667e-01
-2.761994207132303369e-01
-2.626417145149064769e-01
-2.433874485509159302e-01
-2.189340545554149253e-01
-1.898611724976107806e-01
-1.568214786790739224e-01
-1.205303619753643335e-01
-8.175461103865351575e-02
-4.130029087575324415e-02
-1.641203892202412729e-14
4.130029087572101992e-02
8.175461103862192991e-02
1.205303619753344407e-01
1.568214786790457227e-01
1.898611724975850235e-01
2.189340545553921102e-01
2.433874485508961683e-01
2.626417145148903787e-01
2.761994207132179580e-01
2.836532190425528621e-01
2.846922997147424139e-01
2.791073234306629125e-01
2.667937532554360835e-01
2.477535336445359504e-01
2.220950901367368946e-01
1.900316497139512284e-01
1.518779083121016282e-01
1.080450980335994626e-01
5.903453184967175082e-02
5.429727591690353475e-03
-5.211276456387617384e-02
-1.128736864655646849e-01
-1.760823853953001894e-01
-2.409289381005469965e-01
-3.065768942516698958e-01
-3.721764383572388479e-01
-4.368777625706461998e-01
-4.998444394955199876e-01
-5.602665840974040412e-01
-6.173735971550863288e-01
-6.704462892843017219e-01
-7.188281943352544667e-01
-7.619358937494543627e-01
-7.992681890590846994e-01
-8.304139778775946334e-01
-8.550587091768878656e-01
-8.729893160519605066e-01
-8.840975481847526130e-01
-8.883816514566393874e-01
-8.859463682254280492e-01
-8.770012582668115231e-01
-8.618573668643364494e-01
-8.409222925983604879e-01
-8.146937326221551645e-01
-7.837516072242147747e-01
-7.487488878813016724e-01
-7.104012734534631557e-01
-6.694758773376998651e-01
-6.267791039947175902e-01
-5.831439060472215496e-01
-5.394166229169417015e-01
-4.964436085669261534e-01
-4.550578592415369661e-01
-4.160658520965885843e-01
-3.802348022861619659e-01
-3.482805394732871318e-01
-3.208561949629578636e-01
-2.985418778719077237e-01
-2.818355031518398057e-01
-2.711449161173403177e-01
-2.667814376830203171e-01
-2.689549321089478306e-01
-2.777704750425337155e-01
-2.932266744073558362e-01
-3.152156706229840566e-01
-3.435248161557708513e-01
-3.778400079164780379e-01
-4.177506199541802245e-01
-4.627559586582203899e-01
-5.122731386690759781e-01
-5.656462552935320742e-01
-6.221567087728544498e-01
-6.810345175872055679e-01
-7.414704423818040402e-01
-8.026287293162913672e-01
-8.636602718700530090e-01
-9.237159835368797811e-01
-9.819601705164746619e-01
-1.037583693510288230e+00
-1.089816711055088927e+00
-1.137940803427003988e+00
-1.181300285917503912e+00
-1.219312533066844173e+00
-1.251477151038188573e+00
-1.277383853481143250e+00
-1.296718916680084099e+00
-1.309270112188152480e+00
-1.314930039158702657e+00
-1.313697803823653976e+00
-1.305679019634627291e+00
-1.291084128066842807e+00
-1.270225066569857342e+00
-1.243510336215638779e+00
-1.211438546832155128e+00
-1.174590541421561385e+00
-1.133620224067535931e+00
-1.089244235983031217e+00
-1.042230642515131978e+00
-9.933868095214815064e-01
-9.435466603167633748e-01
-8.935575141564408019e-01
-8.442667138243247216e-01
-7.965082532164212692e-01
-7.510896158135318412e-01
-7.087790316091542309e-01
-6.702933534599129217e-01
-6.362867440569976996e-01
-6.073403519330727862e-01
-5.839531393213704957e-01
-5.665340065182266072e-01
-5.553953369536288598e-01
-5.507480647688655084e-01
-5.526983426894640505e-01
-5.612458627439320669e-01
-5.762838563123910962e-01
-5.976007735050901104e-01
-6.248836153867016741e-01
-6.577228664958687521e-01
-6.956189498717982866e-01
-7.379901027887967313e-01
-7.841815489941674766e-01
-8.334758227981876599e-01
-8.851040821994432539e-01
-9.382582326310443532e-01
-9.921036701292174076e-01
-1.045792442957046875e+00
-1.098476624116784262e+00
-1.149321683858252507e+00
-1.197519651290866349e+00
-1.242301857532697840e+00
-1.282951059429350060e+00
-1.318812752644153319e+00
-1.349305495705204416e+00
-1.373930082192533098e+00
-1.392277416414124058e+00
-1.404034968366224767e+00
-1.408991706178844838e+00
-1.407041428258246629e+00
-1.398184442575921560e+00
-1.382527566619959014e+00
-1.360282448008813372e+00
-1.331762232251574973e+00
-1.297376630205281600e+00
-1.257625463017464140e+00
-1.213090786353054451e+00
-1.164427718110229604e+00
-1.112354114276485229e+00
-1.057639255741664508e+00
-1.001091724482442435e+00
-9.435466603167620425e-01
-8.858525991954773193e-01
-8.288581005977890825e-01
-7.733983749229648152e-01
-7.202821217708348378e-01
-6.702787866776578340e-01
-6.241064372746013555e-01
-5.824204500673519913e-01
-5.458031862513517130e-01
-5.147548193793967108e-01
-4.896854595328913318e-01
-4.709086982013578337e-01
-4.586366756693177060e-01
-4.529767486987673619e-01
-4.539298110577872913e-01
-4.613902933794062911e-01
-4.751478423507408677e-01
-4.948906527483371565e-01
-5.202103997692153481e-01
-5.506086938694472188e-01
-5.855049563111834887e-01
-6.242455912135845830e-01
-6.661143094564048184e-01
-7.103434416195335555e-01
-7.561260615440451582e-01
-8.026287293162863712e-01
-8.490046527078020100e-01
-8.944070595045418015e-01
-9.380025698329143014e-01
-9.789843575902262840e-01
-1.016584893412972201e+00
-1.050088068215767390e+00
-1.078840506102460184e+00
-1.102261888234976617e+00
-1.119854124843210119e+00
-1.131209230724713022e+00
-1.136015780029644873e+00
-1.134063838531911506e+00
-1.125248295598325843e+00
-1.109570543305310242e+00
-1.087138476219070338e+00
-1.058164811839280350e+00
-1.022963758190408523e+00
-9.819460811112401544e-01
-9.356126490308372956e-01
-8.845465570300614644e-01
-8.294039543932866243e-01
-7.709037203016007034e-01
-7.098161504842662728e-01
-6.469508332429438902e-01
-5.831439060472212166e-01
-5.192448936687142913e-01
-4.561033354203585244e-01
-3.945554123933982527e-01
-3.354107855846026331e-01
-2.794398524803138328e-01
-2.273616230646037240e-01
-1.798324064500763930e-01
-1.374354865458341790e-01
-1.006719495793689523e-01
-6.995280812369578105e-02
-4.559254583434718677e-02
-2.780418469537201953e-02
-1.669595256258001037e-02
-1.226960355459567539e-02
-1.442041777586264631e-02
-2.293888037164221877e-02
-3.751401343095236984e-02
-5.773830818697100326e-02
-8.311417972675075316e-02
-1.130618424111861225e-01
-1.469284818007055016e-01
-1.839985784354560838e-01
-2.235052206533062469e-01
-2.646422280312370479e-01
-3.065768942516708950e-01
-3.484631484265509060e-01
-3.894549273126424738e-01
-4.287195475256307398e-01
-4.654508668605768507e-01
-4.988820271522121375e-01
-5.282975777078814383e-01
-5.530447881146868250e-01
-5.725439720064031679e-01
-5.862976589734940625e-01
-5.938984699649979548e-01
-5.950355719777592478e-01
-5.894996102339477018e-01
-5.771860400587209838e-01
-5.580968059075533949e-01
-5.323403410591830420e-01
-5.001298879742281933e-01
-4.617801658036155277e-01
-4.177024375973915626e-01
-3.683980550021630496e-01
-3.144505822463193323e-01
-2.565166236176569803e-01
-1.953154990847338346e-01
-1.316179308787225333e-01
-6.623391945028535288e-02
-1.944061649423090537e-14
6.623391945024661998e-02
1.316179308786847302e-01
1.953154990846977801e-01
2.565166236176230630e-01
3.144505822462880795e-01
3.683980550021349609e-01
4.177024375973669712e-01
4.617801658035950996e-01
5.001298879742120951e-01
5.323403410591714957e-01
5.580968059075466225e-01
5.771860400587192075e-01
5.894996102339508104e-01
5.950355719777672414e-01
5.938984699650109444e-01
5.862976589735112709e-01
5.725439720064245952e-01
5.530447881147122491e-01
5.282975777079107482e-01
4.988820271522442229e-01
4.654508668606113786e-01
4.287195475256672661e-01
3.894549273126803879e-01
3.484631484265895973e-01
3.065768942517097528e-01
2.646422280312752395e-01
2.235052206533433561e-01
1.839985784354917220e-01
1.469284818007389193e-01
1.130618424112166398e-01
8.311417972677798138e-02
5.773830818699458162e-02
3.751401343097186120e-02
2.293888037165719290e-02
1.442041777587300608e-02
1.226960355460120916e-02
1.669595256258061405e-02
2.780418469536769660e-02
4.559254583433795111e-02
6.995280812368184775e-02
1.006719495793504254e-01
1.374354865458114194e-01
1.798324064500496089e-01
2.273616230645734149e-01
2.794398524802805261e-01
3.354107855845666619e-01
3.945554123933603385e-01
4.561033354203193335e-01
5.192448936686743233e-01
5.831439060471808045e-01
6.469508332429039221e-01
7.098161504842274150e-01
7.709037203015635109e-01
8.294039543932513192e-01
8.845465570300291569e-01
9.356126490308080967e-01
9.819460811112147303e-01
1.022963758190386985e+00
1.058164811839263697e+00
1.087138476219058125e+00
1.109570543305302470e+00
1.125248295598323178e+00
1.134063838531913948e+00
1.136015780029652422e+00
1.131209230724724790e+00
1.119854124843226995e+00
1.102261888234997711e+00
1.078840506102485941e+00
1.050088068215796699e+00
1.016584893413004620e+00
9.789843575902614781e-01
9.380025698329517159e-01
8.944070595045807703e-01
8.490046527078420890e-01
8.026287293163273384e-01
7.561260615440855704e-01
7.103434416195735235e-01
6.661143094564432321e-01
6.242455912136209983e-01
5.855049563112177946e-01
5.506086938694786381e-01
5.202103997692433257e-01
4.948906527483613038e-01
4.751478423507610738e-01
4.613902933794222228e-01
4.539298110577986711e-01
4.529767486987739677e-01
4.586366756693196489e-01
4.709086982013550582e-01
4.896854595328839488e-01
5.147548193793849425e-01
5.458031862513359478e-01
5.824204500673321183e-01
6.241064372745781519e-01
6.702787866776318548e-01
7.202821217708060830e-01
7.733983749229337290e-01
8.288581005977564420e-01
8.858525991954434575e-01
9.435466603167280697e-01
1.001091724482408463e+00
1.057639255741631645e+00
1.112354114276453476e+00
1.164427718110200072e+00
1.213090786353026918e+00
1.257625463017439049e+00
1.297376630205259840e+00
1.331762232251556544e+00
1.360282448008798939e+00
1.382527566619948800e+00
1.398184442575915565e+00
1.407041428258245075e+00
1.408991706178848169e+00
1.404034968366232317e+00
1.392277416414135605e+00
1.373930082192548863e+00
1.349305495705224400e+00
1.318812752644176411e+00
1.282951059429376484e+00
1.242301857532727372e+00
1.197519651290898546e+00
1.149321683858286258e+00
1.098476624116819789e+00
1.045792442957083512e+00
9.921036701292541560e-01
9.382582326310806575e-01
8.851040821994790031e-01
8.334758227982218548e-01
7.841815489941998951e-01
7.379901027888267073e-01
6.956189498718252651e-01
6.577228664958926219e-01
6.248836153867218801e-01
5.976007735051060976e-01
5.762838563124031976e-01
5.612458627439397274e-01
5.526983426894671592e-01
5.507480647688639541e-01
5.553953369536228646e-01
5.665340065182160600e-01
5.839531393213556187e-01
6.073403519330539124e-01
6.362867440569750510e-01
6.702933534598869425e-01
7.087790316091249210e-01
7.510896158135003109e-01
7.965082532163878515e-01
8.442667138242897495e-01
8.935575141564049417e-01
9.435466603167269595e-01
9.933868095214454241e-01
1.042230642515096672e+00
1.089244235982997466e+00
1.133620224067503734e+00
1.174590541421531631e+00
1.211438546832128482e+00
1.243510336215615464e+00
1.270225066569837358e+00
1.291084128066826819e+00
1.305679019634615523e+00
1.313697803823646648e+00
1.314930039158699326e+00
1.309270112188153812e+00
1.296718916680090095e+00
1.277383853481153686e+00
1.251477151038202784e+00
1.219312533066862603e+00
1.181300285917526116e+00
1.137940803427028857e+00
1.089816711055117127e+00
1.037583693510318428e+00
9.819601705165064143e-01
9.237159835369126437e-01
8.636602718700863157e-01
8.026287293163250069e-01
7.414704423818373469e-01
6.810345175872374313e-01
6.221567087728845369e-01
5.656462552935597188e-01
5.122731386691009581e-01
4.627559586582421502e-01
4.177506199541983212e-01
3.778400079164918601e-01
3.435248161557803992e-01
3.152156706229888861e-01
2.932266744073558917e-01
2.777704750425288860e-01
2.689549321089380052e-01
2.667814376830056067e-01
2.711449161173208888e-01
2.818355031518158249e-01
2.985418778718794686e-01
3.208561949629256116e-01
3.482805394732513271e-01
3.802348022861232191e-01
4.160658520965473950e-01
4.550578592414936674e-01
4.964436085668815224e-01
5.394166229168961824e-01
5.831439060471760305e-01
6.267791039946726261e-01
6.694758773376560113e-01
7.104012734534208562e-01
7.487488878812622595e-01
7.837516072241782483e-01
8.146937326221219688e-01
8.409222925983312891e-01
8.618573668643116914e-01
8.770012582667916501e-01
8.859463682254129502e-01
8.883816514566297284e-01
8.840975481847481721e-01
8.729893160519615058e-01
8.550587091768941939e-01
8.304139778776064018e-01
7.992681890591012417e-01
7.619358937494756789e-01
7.188281943352804459e-01
6.704462892843315869e-01
6.173735971551197466e-01
5.602665840974403455e-01
4.998444394955590675e-01
4.368777625706872225e-01
3.721764383572810919e-01
3.065768942517126949e-01
2.409289381005896846e-01
1.760823853953423224e-01
1.128736864656055133e-01
5.211276456391509410e-02
-5.429727591653862699e-03
-5.903453184963828454e-02
-1.080450980335693201e-01
-1.518779083120753715e-01
-1.900316497139293292e-01
-2.220950901367194918e-01
-2.477535336445232939e-01
-2.667937532554282565e-01
-2.791073234306600259e-01
-2.846922997147444123e-01
-2.836532190425596345e-01
-2.761994207132295598e-01
-2.626417145149063659e-01
-2.433874485509161523e-01
-2.189340545554157857e-01
-1.898611724976120851e-01
-1.568214786790755877e-01
-1.205303619753664013e-01
-8.175461103865572232e-02
-4.130029087575589480e-02
-1.909771596371707765e-14
4.130029087571785579e-02
8.175461103861900169e-02
1.205303619753311656e-01
1.568214786790425308e-01
1.898611724975818038e-01
2.189340545553888628e-01
2.433874485508931151e-01
2.626417145148874366e-01
2.761994207132154600e-01
2.836532190425504751e-01
2.846922997147403600e-01
2.791073234306611361e-01
2.667937532554345847e-01
2.477535336445347847e-01
2.220950901367360619e-01
1.900316497139506178e-01
1.518779083121013784e-01
1.080450980335994071e-01
5.903453184967225043e-02
5.429727591690921597e-03
-5.211276456387534117e-02
-1.128736864655634498e-01
-1.760823853952989959e-01
-2.409289381005454145e-01
-3.065768942516683415e-01
-3.721764383572370716e-01
-4.368777625706445344e-01
-4.998444394955180448e-01
-5.602665840974019318e-01
-6.173735971550843304e-01
-6.704462892842997235e-01
-7.188281943352526904e-01
-7.619358937494524753e-01
-7.992681890590830340e-01
-8.304139778775930791e-01
-8.550587091768864223e-01
-8.729893160519591744e-01
-8.840975481847512807e-01
-8.883816514566382772e-01
-8.859463682254271610e-01
-8.770012582668107459e-01
-8.618573668643356722e-01
-8.409222925983594887e-01
-8.146937326221544984e-01
-7.837516072242139975e-01
-7.487488878813010063e-01
-7.104012734534622675e-01
-6.694758773376991989e-01
-6.267791039947172571e-01
-5.831439060472207725e-01
-5.394166229169411464e-01
-4.964436085669253762e-01
-4.550578592415363555e-01
-4.160658520965876961e-01
-3.802348022861610222e-01
-3.482805394732860216e-01
-3.208561949629564758e-01
-2.985418778719063360e-01
-2.818355031518381959e-01
-2.711449161173388189e-01
-2.667814376830184298e-01
-2.689549321089458878e-01
-2.777704750425316060e-01
-2.932266744073536713e-01
-3.152156706229816696e-01
-3.435248161557685198e-01
-3.778400079164755399e-01
-4.177506199541777265e-01
-4.627559586582176698e-01
-5.122731386690734245e-01
-5.656462552935292987e-01
-6.221567087728521184e-01
-6.810345175872032364e-01
-7.414704423818015977e-01
-8.026287293162894798e-01
-8.636602718700510106e-01
-9.237159835368781158e-01
-9.819601705164729966e-01
-1.037583693510287342e+00
-1.089816711055088261e+00
-1.137940803427003100e+00
-1.181300285917504134e+00
-1.219312533066844617e+00
-1.251477151038189017e+00
-1.277383853481144360e+00
-1.296718916680085432e+00
-1.309270112188154256e+00
-1.314930039158704655e+00
-1.313697803823656640e+00
-1.305679019634630400e+00
-1.291084128066846359e+00
-1.270225066569861117e+00
-1.243510336215642775e+00
-1.211438546832159791e+00
-1.174590541421565826e+00
-1.133620224067541038e+00
-1.089244235983036102e+00
-1.042230642515136640e+00
-9.933868095214866134e-01
-9.435466603167681487e-01
-8.935575141564459090e-01
-8.442667138243292735e-01
-7.965082532164260432e-01
-7.510896158135359491e-01
-7.087790316091580056e-01
-6.702933534599162524e-01
-6.362867440570005861e-01
-6.073403519330753397e-01
-5.839531393213723831e-01
-5.665340065182279394e-01
-5.553953369536296369e-01
-5.507480647688657305e-01
-5.526983426894636064e-01
-5.612458627439312897e-01
-5.762838563123895419e-01
-5.976007735050878900e-01
-6.248836153866991205e-01
-6.577228664958657545e-01
-6.956189498717945119e-01
-7.379901027887930676e-01
-7.841815489941631467e-01
-8.334758227981831080e-01
-8.851040821994382579e-01
-9.382582326310394683e-01
-9.921036701292127447e-01
-1.045792442957041990e+00
-1.098476624116779821e+00
-1.149321683858247845e+00
-1.197519651290862575e+00
-1.242301857532693621e+00
-1.282951059429346286e+00
-1.318812752644149988e+00
-1.349305495705201752e+00
-1.373930082192531099e+00
-1.392277416414122282e+00
-1.404034968366224101e+00
-1.408991706178844838e+00
-1.407041428258247073e+00
-1.398184442575922448e+00
-1.382527566619960790e+00
-1.360282448008815592e+00
-1.331762232251578082e+00
-1.297376630205284931e+00
-1.257625463017468137e+00
-1.213090786353059336e+00
-1.164427718110235377e+00
-1.112354114276491002e+00
-1.057639255741670947e+00
-1.001091724482449097e+00
-9.435466603167689259e-01
-8.858525991954845358e-01
-8.288581005977966321e-01
-7.733983749229725868e-01
-7.202821217708422763e-01
-6.702787866776658277e-01
-6.241064372746089051e-01
-5.824204500673594298e-01
-5.458031862513590404e-01
-5.147548193794039273e-01
-4.896854595328982707e-01
-4.709086982013643841e-01
-4.586366756693240343e-01
-4.529767486987733016e-01
-4.539298110577928425e-01
-4.613902933794115646e-01
-4.751478423507455862e-01
-4.948906527483413753e-01
-5.202103997692192339e-01
-5.506086938694505495e-01
-5.855049563111864863e-01
-6.242455912135866924e-01
-6.661143094564072609e-01
-7.103434416195354428e-01
-7.561260615440464905e-01
-8.026287293162875924e-01
-8.490046527078027871e-01
-8.944070595045424676e-01
-9.380025698329145234e-01
-9.789843575902267281e-01
-1.016584893412972423e+00
-1.050088068215768056e+00
-1.078840506102459962e+00
-1.102261888234976173e+00
-1.119854124843209897e+00
-1.131209230724712578e+00
-1.136015780029644651e+00
-1.134063838531910839e+00
-1.125248295598324955e+00
-1.109570543305309354e+00
-1.087138476219069672e+00
-1.058164811839279684e+00
-1.022963758190407413e+00
-9.819460811112390441e-01
-9.356126490308358523e-01
-8.845465570300600211e-01
-8.294039543932849590e-01
-7.709037203015988160e-01
-7.098161504842644964e-01
-6.469508332429416697e-01
-5.831439060472186631e-01
-5.192448936687117378e-01
-4.561033354203554158e-01
-3.945554123933950330e-01
-3.354107855845989139e-01
-2.794398524803101691e-01
-2.273616230645995606e-01
-1.798324064500720909e-01
-1.374354865458295993e-01
-1.006719495793641506e-01
-6.995280812369077117e-02
-4.559254583434196179e-02
-2.780418469536666617e-02
-1.669595256257454252e-02
-1.226960355459007050e-02
-1.442041777585709346e-02
-2.293888037163649765e-02
-3.751401343094669383e-02
-5.773830818696536887e-02
-8.311417972674493837e-02
-1.130618424111805576e-01
-1.469284818006998394e-01
-1.839985784354508103e-01
-2.235052206533008345e-01
-2.646422280312321074e-01
-3.065768942516660656e-01
-3.484631484265461876e-01
-3.894549273126382549e-01
-4.287195475256264654e-01
-4.654508668605730759e-01
-4.988820271522084737e-01
-5.282975777078784407e-01
-5.530447881146836053e-01
-5.725439720064005034e-01
-5.862976589734917310e-01
-5.938984699649960675e-01
-5.950355719777575825e-01
-5.894996102339463695e-01
-5.771860400587200957e-01
-5.580968059075525067e-01
-5.323403410591825979e-01
-5.001298879742280823e-01
-4.617801658036157497e-01
-4.177024375973920067e-01
-3.683980550021638822e-01
-3.144505822463201650e-01
-2.565166236176580905e-01
-1.953154990847350003e-01
-1.316179308787239488e-01
-6.623391945028661576e-02
-2.106420717050634032e-14
6.623391945024496852e-02
1.316179308786830648e-01
1.953154990846958095e-01
2.565166236176213976e-01
3.144505822462864142e-01
3.683980550021334621e-01
4.177024375973654724e-01
4.617801658035938783e-01
5.001298879742109849e-01
5.323403410591704965e-01
5.580968059075457344e-01
5.771860400587185413e-01
5.894996102339504773e-01
5.950355719777672414e-01
5.938984699650110555e-01
5.862976589735118260e-01
5.725439720064251503e-01
5.530447881147130262e-01
5.282975777079116364e-01
4.988820271522451666e-01
4.654508668606128774e-01
4.287195475256686539e-01
3.894549273126821087e-01
3.484631484265912071e-01
3.065768942517117512e-01
2.646422280312770159e-01
2.235052206533452157e-01
1.839985784354934706e-01
1.469284818007402793e-01
1.130618424112181664e-01
8.311417972677920263e-02
5.773830818699574041e-02
3.751401343097258284e-02
2.293888037165782087e-02
1.442041777587328190e-02
1.226960355460114671e-02
1.669595256258026711e-02
2.780418469536695414e-02
4.559254583433683394e-02
6.995280812368034895e-02
1.006719495793485242e-01
1.374354865458092545e-01
1.798324064500471109e-01
2.273616230645707226e-01
2.794398524802775285e-01
3.354107855845632757e-01
3.945554123933570079e-01
4.561033354203155588e-01
5.192448936686705485e-01
5.831439060471768077e-01
6.469508332429003694e-01
7.098161504842236402e-01
7.709037203015598472e-01
8.294039543932479885e-01
8.845465570300253821e-01
9.356126490308046550e-01
9.819460811112116216e-01
1.022963758190384098e+00
1.058164811839261255e+00
1.087138476219056127e+00
1.109570543305301138e+00
1.125248295598322068e+00
1.134063838531913060e+00
1.136015780029651978e+00
1.131209230724724790e+00
1.119854124843227217e+00
1.102261888234998377e+00
1.078840506102486385e+00
1.050088068215797588e+00
1.016584893413005952e+00
9.789843575902632544e-01
9.380025698329536032e-01
8.944070595045828798e-01
8.490046527078438654e-01
8.026287293163290038e-01
7.561260615440871247e-01
7.103434416195751888e-01
6.661143094564446754e-01
6.242455912136223306e-01
5.855049563112186828e-01
5.506086938694791932e-01
5.202103997692436588e-01
4.948906527483609152e-01
4.751478423507604076e-01
4.613902933794207795e-01
4.539298110577967837e-01
4.529767486987715253e-01
4.586366756693165958e-01
4.709086982013513389e-01
4.896854595328797854e-01
5.147548193793801685e-01
5.458031862513306187e-01
5.824204500673262341e-01
6.241064372745718236e-01
6.702787866776250825e-01
7.202821217707990886e-01
7.733983749229267346e-01
8.288581005977488925e-01
8.858525991954360190e-01
9.435466603167202981e-01
1.001091724482401579e+00
1.057639255741624318e+00
1.112354114276446371e+00
1.164427718110193410e+00
1.213090786353020034e+00
1.257625463017433498e+00
1.297376630205254733e+00
1.331762232251552325e+00
1.360282448008795164e+00
1.382527566619945691e+00
1.398184442575913122e+00
1.407041428258243521e+00
1.408991706178847059e+00
1.404034968366232317e+00
1.392277416414136049e+00
1.373930082192550639e+00
1.349305495705226399e+00
1.318812752644179298e+00
1.282951059429379370e+00
1.242301857532730702e+00
1.197519651290902321e+00
1.149321683858290477e+00
1.098476624116824008e+00
1.045792442957087509e+00
9.921036701292585969e-01
9.382582326310850984e-01
8.851040821994831109e-01
8.334758227982260737e-01
7.841815489942037809e-01
7.379901027888303711e-01
6.956189498718283737e-01
6.577228664958953974e-01
6.248836153867243226e-01
5.976007735051083181e-01
5.762838563124047520e-01
5.612458627439411707e-01
5.526983426894680473e-01
5.507480647688647313e-01
5.553953369536231977e-01
5.665340065182159490e-01
5.839531393213551747e-01
6.073403519330532463e-01
6.362867440569739408e-01
6.702933534598857213e-01
7.087790316091235887e-01
7.510896158134988676e-01
7.965082532163861861e-01
8.442667138242876401e-01
8.935575141564030544e-01
9.435466603167250721e-01
9.933868095214435368e-01
1.042230642515094674e+00
1.089244235982995912e+00
1.133620224067502402e+00
1.174590541421530299e+00
1.211438546832127594e+00
1.243510336215614576e+00
1.270225066569837136e+00
1.291084128066827041e+00
1.305679019634615745e+00
1.313697803823647758e+00
1.314930039158701103e+00
1.309270112188155810e+00
1.296718916680092759e+00
1.277383853481156351e+00
1.251477151038206559e+00
1.219312533066866377e+00
1.181300285917530557e+00
1.137940803427033742e+00
1.089816711055122678e+00
1.037583693510324423e+00
9.819601705165127425e-01
9.237159835369197491e-01
8.636602718700934211e-01
8.026287293163326675e-01
7.414704423818444523e-01
6.810345175872453138e-01
6.221567087728924195e-01
5.656462552935680455e-01
5.122731386691090627e-01
4.627559586582504214e-01
4.177506199542067034e-01
3.778400079165000758e-01
3.435248161557885593e-01
3.152156706229969907e-01
2.932266744073640519e-01
2.777704750425369906e-01
2.689549321089459988e-01
2.667814376830135448e-01
2.711449161173288269e-01
2.818355031518236520e-01
2.985418778718874067e-01
3.208561949629333276e-01
3.482805394732590432e-01
3.802348022861306576e-01
4.160658520965548890e-01
4.550578592415013279e-01
4.964436085668890719e-01
5.394166229169040649e-01
5.831439060471836910e-01
6.267791039946805087e-01
6.694758773376637828e-01
7.104012734534286277e-01
7.487488878812695869e-01
7.837516072241859089e-01
8.146937326221297404e-01
8.409222925983389496e-01
8.618573668643195740e-01
8.770012582667993106e-01
8.859463682254208328e-01
8.883816514566372780e-01
8.840975481847559436e-01
8.729893160519692774e-01
8.550587091769016324e-01
8.304139778776137293e-01
7.992681890591086802e-01
7.619358937494828954e-01
7.188281943352874404e-01
6.704462892843381372e-01
6.173735971551264079e-01
5.602665840974467848e-01
4.998444394955651182e-01
4.368777625706929402e-01
3.721764383572861434e-01
3.065768942517177464e-01
2.409289381005941533e-01
1.760823853953464579e-01
1.128736864656089550e-01
5.211276456391829293e-02
-5.429727591651182551e-03
-5.903453184963609879e-02
-1.080450980335677241e-01
-1.518779083120744555e-01
-1.900316497139287186e-01
-2.220950901367196029e-01
-2.477535336445238212e-01
-2.667937532554293667e-01
-2.791073234306615247e-01
-2.846922997147463552e-01
-2.836532190425620215e-01
-2.761994207132321688e-01
-2.626417145149091414e-01
-2.433874485509193442e-01
-2.189340545554189776e-01
-1.898611724976154991e-01
-1.568214786790790016e-01
-1.205303619753703842e-01
-8.175461103865976076e-02
-4.130029087575987773e-02
-2.323270485083516679e-14
4.130029087571408797e-02
8.175461103861496326e-02
1.205303619753274741e-01
1.568214786790386728e-01
1.898611724975780568e-01
2.189340545553850603e-01
2.433874485508892849e-01
2.626417145148837173e-01
2.761994207132115187e-01
2.836532190425465338e-01
2.846922997147363077e-01
2.791073234306571949e-01
2.667937532554305324e-01
2.477535336445306768e-01
2.220950901367318986e-01
1.900316497139463712e-01
1.518779083120969653e-01
1.080450980335950772e-01
5.903453184966763606e-02
5.429727591686425194e-03
-5.211276456388015677e-02
-1.128736864655682653e-01
-1.760823853953036311e-01
-2.409289381005500774e-01
-3.065768942516731710e-01
-3.721764383572421786e-01
-4.368777625706494194e-01
-4.998444394955233183e-01
-5.602665840974070388e-01
-6.173735971550896595e-01
-6.704462892843051636e-01
-7.188281943352582415e-01
-7.619358937494581374e-01
-7.992681890590884741e-01
-8.304139778775989633e-01
-8.550587091768920844e-01
-8.729893160519650586e-01
-8.840975481847572759e-01
-8.883816514566442724e-01
-8.859463682254330452e-01
-8.770012582668169632e-01
-8.618573668643420005e-01
-8.409222925983661501e-01
-8.146937326221607156e-01
-7.837516072242204368e-01
-7.487488878813073345e-01
-7.104012734534688178e-01
-6.694758773377054162e-01
-6.267791039947232523e-01
-5.831439060472271008e-01
-5.394166229169466975e-01
-4.964436085669309828e-01
-4.550578592415414070e-01
-4.160658520965928031e-01
-3.802348022861654631e-01
-3.482805394732902959e-01
-3.208561949629605836e-01
-2.985418778719099997e-01
-2.818355031518415821e-01
-2.711449161173415390e-01
-2.667814376830208722e-01
-2.689549321089478862e-01
-2.777704750425333269e-01
-2.932266744073551146e-01
-3.152156706229826688e-01
-3.435248161557690749e-01
-3.778400079164759284e-01
-4.177506199541778931e-01
-4.627559586582178364e-01
-5.122731386690729805e-01
-5.656462552935291876e-01
-6.221567087728514522e-01
-6.810345175872030143e-01
-7.414704423818014867e-01
-8.026287293162891467e-01
-8.636602718700505665e-01
-9.237159835368776717e-01
-9.819601705164728855e-01
-1.037583693510287342e+00
-1.089816711055088705e+00
-1.137940803427003544e+00
-1.181300285917504578e+00
-1.219312533066845283e+00
-1.251477151038190128e+00
-1.277383853481145692e+00
-1.296718916680086986e+00
-1.309270112188156032e+00
-1.314930039158706654e+00
-1.313697803823658861e+00
-1.305679019634632843e+00
-1.291084128066848802e+00
-1.270225066569864003e+00
-1.243510336215645662e+00
-1.211438546832162677e+00
-1.174590541421569156e+00
-1.133620224067544147e+00
-1.089244235983039655e+00
-1.042230642515140193e+00
-9.933868095214900551e-01
-9.435466603167713684e-01
-8.935575141564490176e-01
-8.442667138243326042e-01
-7.965082532164289297e-01
-7.510896158135388356e-01
-7.087790316091605591e-01
-6.702933534599189169e-01
-6.362867440570030286e-01
-6.073403519330776712e-01
-5.839531393213741595e-01
-5.665340065182297158e-01
-5.553953369536310802e-01
-5.507480647688668407e-01
-5.526983426894644946e-01
-5.612458627439319558e-01
-5.762838563123899860e-01
-5.976007735050881120e-01
-6.248836153866988985e-01
-6.577228664958654214e-01
-6.956189498717938458e-01
-7.379901027887919573e-01
-7.841815489941623696e-01
-8.334758227981822198e-01
-8.851040821994374808e-01
-9.382582326310382470e-01
-9.921036701292116344e-01
-1.045792442957041102e+00
-1.098476624116778044e+00
-1.149321683858246956e+00
-1.197519651290861686e+00
-1.242301857532692955e+00
-1.282951059429345841e+00
-1.318812752644149766e+00
-1.349305495705201974e+00
-1.373930082192531321e+00
-1.392277416414123170e+00
-1.404034968366224989e+00
-1.408991706178846171e+00
-1.407041428258248850e+00
-1.398184442575924447e+00
-1.382527566619963233e+00
-1.360282448008818035e+00
-1.331762232251581413e+00
-1.297376630205288262e+00
-1.257625463017471468e+00
-1.213090786353063111e+00
-1.164427718110238930e+00
-1.112354114276494776e+00
-1.057639255741674500e+00
-1.001091724482452872e+00
-9.435466603167722566e-01
-8.858525991954876444e-01
-8.288581005977994076e-01
-7.733983749229749183e-01
-7.202821217708447188e-01
-6.702787866776674930e-01
-6.241064372746102373e-01
-5.824204500673602070e-01
-5.458031862513593735e-01
-5.147548193794033722e-01
-4.896854595328971604e-01
-4.709086982013625522e-01
-4.586366756693214808e-01
-4.529767486987701375e-01
-4.539298110577891232e-01
-4.613902933794070682e-01
-4.751478423507407567e-01
-4.948906527483358242e-01
-5.202103997692134607e-01
-5.506086938694443322e-01
-5.855049563111794919e-01
-6.242455912135796980e-01
-6.661143094563994893e-01
-7.103434416195277823e-01
-7.561260615440388300e-01
-8.026287293162801539e-01
-8.490046527077951266e-01
-8.944070595045352512e-01
-9.380025698329074180e-01
-9.789843575902195116e-01
-1.016584893412965540e+00
-1.050088068215761172e+00
-1.078840506102453967e+00
-1.102261888234970622e+00
-1.119854124843204568e+00
-1.131209230724707693e+00
-1.136015780029640654e+00
-1.134063838531907509e+00
-1.125248295598322290e+00
-1.109570543305307133e+00
-1.087138476219067673e+00
-1.058164811839278352e+00
-1.022963758190406525e+00
-9.819460811112386001e-01
-9.356126490308359633e-01
-8.845465570300603542e-01
-8.294039543932857361e-01
-7.709037203016001483e-01
-7.098161504842656067e-01
-6.469508332429432240e-01
-5.831439060472202174e-01
-5.192448936687135141e-01
-4.561033354203570256e-01
-3.945554123933964763e-01
-3.354107855846005237e-01
-2.794398524803114459e-01
-2.273616230646007541e-01
-1.798324064500728126e-01
-1.374354865458300989e-01
-1.006719495793640951e-01
-6.995280812369041035e-02
-4.559254583434110830e-02
-2.780418469536536513e-02
-1.669595256257272800e-02
-1.226960355458781189e-02
-1.442041777585423463e-02
-2.293888037163335086e-02
-3.751401343094299540e-02
-5.773830818696144146e-02
-8.311417972674065013e-02
-1.130618424111760750e-01
-1.469284818006953708e-01
-1.839985784354458698e-01
-2.235052206532958108e-01
-2.646422280312266673e-01
-3.065768942516611806e-01
-3.484631484265411916e-01
-3.894549273126333699e-01
-4.287195475256217470e-01
-4.654508668605687460e-01
-4.988820271522046434e-01
-5.282975777078747770e-01
-5.530447881146806077e-01
-5.725439720063976168e-01
-5.862976589734895105e-01
-5.938984699649944021e-01
-5.950355719777564723e-01
-5.894996102339457034e-01
-5.771860400587198736e-01
-5.580968059075529508e-01
-5.323403410591834861e-01
-5.001298879742295256e-01
-4.617801658036175816e-01
-4.177024375973938941e-01
-3.683980550021661582e-01
-3.144505822463226075e-01
-2.565166236176608106e-01
-1.953154990847379147e-01
-1.316179308787269464e-01
-6.623391945028990480e-02
-2.402850756258732816e-14
6.623391945024194316e-02
1.316179308786804558e-01
1.953154990846933947e-01
2.565166236176192327e-01
3.144505822462848044e-01
3.683980550021321299e-01
4.177024375973647508e-01
4.617801658035933787e-01
5.001298879742113179e-01
5.323403410591713847e-01
5.580968059075473997e-01
5.771860400587207618e-01
5.894996102339532529e-01
5.950355719777705721e-01
5.938984699650149413e-01
5.862976589735164890e-01
5.725439720064305904e-01
5.530447881147189104e-01
5.282975777079180757e-01
4.988820271522521610e-01
4.654508668606202604e-01
4.287195475256762589e-01
3.894549273126897693e-01
3.484631484265992007e-01
3.065768942517196338e-01
2.646422280312853426e-01
2.235052206533529595e-01
1.839985784355011589e-01
1.469284818007476623e-01
1.130618424112252163e-01
8.311417972678593336e-02
5.773830818700169398e-02
3.751401343097811314e-02
2.293888037166267810e-02
1.442041777587760309e-02
1.226960355460466300e-02
1.669595256258312940e-02
2.780418469536914683e-02
4.559254583433832581e-02
6.995280812368118162e-02
1.006719495793488017e-01
1.374354865458088659e-01
1.798324064500462782e-01
2.273616230645691683e-01
2.794398524802758077e-01
3.354107855845612218e-01
3.945554123933546209e-01
4.561033354203133383e-01
5.192448936686682170e-01
5.831439060471742541e-01
6.469508332428973718e-01
7.098161504842207536e-01
7.709037203015568496e-01
8.294039543932454350e-01
8.845465570300232727e-01
9.356126490308028787e-01
9.819460811112100673e-01
1.022963758190382988e+00
1.058164811839260366e+00
1.087138476219055239e+00
1.109570543305300694e+00
1.125248295598321846e+00
1.134063838531913282e+00
1.136015780029652422e+00
1.131209230724725900e+00
1.119854124843228105e+00
1.102261888234999487e+00
1.078840506102487939e+00
1.050088068215799364e+00
1.016584893413007729e+00
9.789843575902651418e-01
9.380025698329552686e-01
8.944070595045849892e-01
8.490046527078464189e-01
8.026287293163311132e-01
7.561260615440895672e-01
7.103434416195774093e-01
6.661143094564472289e-01
6.242455912136243290e-01
5.855049563112206812e-01
5.506086938694810806e-01
5.202103997692453241e-01
4.948906527483626361e-01
4.751478423507616844e-01
4.613902933794220007e-01
4.539298110577977274e-01
4.529767486987723579e-01
4.586366756693172064e-01
4.709086982013517830e-01
4.896854595328800075e-01
5.147548193793801685e-01
5.458031862513303967e-01
5.824204500673261231e-01
6.241064372745711575e-01
6.702787866776243053e-01
7.202821217707978674e-01
7.733983749229256244e-01
8.288581005977478933e-01
8.858525991954345757e-01
9.435466603167191879e-01
1.001091724482399581e+00
1.057639255741622542e+00
1.112354114276445038e+00
1.164427718110191634e+00
1.213090786353018702e+00
1.257625463017431722e+00
1.297376630205252734e+00
1.331762232251550104e+00
1.360282448008793388e+00
1.382527566619943693e+00
1.398184442575910902e+00
1.407041428258241744e+00
1.408991706178845060e+00
1.404034968366229874e+00
1.392277416414133606e+00
1.373930082192547752e+00
1.349305495705223734e+00
1.318812752644176189e+00
1.282951059429376928e+00
1.242301857532728038e+00
1.197519651290899878e+00
1.149321683858287590e+00
1.098476624116821343e+00
1.045792442957084845e+00
9.921036701292550442e-01
9.382582326310814347e-01
8.851040821994790031e-01
8.334758227982218548e-01
7.841815489941993400e-01
7.379901027888258191e-01
6.956189498718234887e-01
6.577228664958904014e-01
6.248836153867188825e-01
5.976007735051022118e-01
5.762838563123982016e-01
5.612458627439341763e-01
5.526983426894606088e-01
5.507480647688567377e-01
5.553953369536148710e-01
5.665340065182072893e-01
5.839531393213461818e-01
6.073403519330438094e-01
6.362867440569643929e-01
6.702933534598756182e-01
7.087790316091138187e-01
7.510896158134884315e-01
7.965082532163759721e-01
8.442667138242774261e-01
8.935575141563929513e-01
9.435466603167153021e-01
9.933868095214338778e-01
1.042230642515085348e+00
1.089244235982986808e+00
1.133620224067494187e+00
1.174590541421522305e+00
1.211438546832120045e+00
1.243510336215607470e+00
1.270225066569830918e+00
1.291084128066821268e+00
1.305679019634610860e+00
1.313697803823643318e+00
1.314930039158696884e+00
1.309270112188152480e+00
1.296718916680089650e+00
1.277383853481154130e+00
1.251477151038204783e+00
1.219312533066865267e+00
1.181300285917529891e+00
1.137940803427033076e+00
1.089816711055122012e+00
1.037583693510324201e+00
9.819601705165126315e-01
9.237159835369199712e-01
8.636602718700941983e-01
8.026287293163334446e-01
7.414704423818456736e-01
6.810345175872460910e-01
6.221567087728934187e-01
5.656462552935687116e-01
5.122731386691098399e-01
4.627559586582510875e-01
4.177506199542073695e-01
3.778400079165008529e-01
3.435248161557891144e-01
3.152156706229974348e-01
2.932266744073642739e-01
2.777704750425369906e-01
2.689549321089458878e-01
2.667814376830131562e-01
2.711449161173281053e-01
2.818355031518227083e-01
2.985418778718862409e-01
3.208561949629320509e-01
3.482805394732573778e-01
3.802348022861290477e-01
4.160658520965526685e-01
4.550578592414989965e-01
4.964436085668862964e-01
5.394166229169007343e-01
5.831439060471801383e-01
6.267791039946765119e-01
6.694758773376597860e-01
7.104012734534244089e-01
7.487488878812654791e-01
7.837516072241812459e-01
8.146937326221251885e-01
8.409222925983341757e-01
8.618573668643146890e-01
8.770012582667943146e-01
8.859463682254157257e-01
8.883816514566325040e-01
8.840975481847508366e-01
8.729893160519641704e-01
8.550587091768968584e-01
8.304139778776090663e-01
7.992681890591040172e-01
7.619358937494785655e-01
7.188281943352831105e-01
6.704462892843343624e-01
6.173735971551224111e-01
5.602665840974431211e-01
4.998444394955615100e-01
4.368777625706897760e-01
3.721764383572833124e-01
3.065768942517150819e-01
2.409289381005919606e-01
1.760823853953442653e-01
1.128736864656072064e-01
5.211276456391655820e-02
-5.429727591652699567e-03
-5.903453184963766004e-02
-1.080450980335689593e-01
-1.518779083120753715e-01
-1.900316497139293292e-01
-2.220950901367199082e-01
-2.477535336445241265e-01
-2.667937532554294777e-01
-2.791073234306615247e-01
-2.846922997147462442e-01
-2.836532190425616884e-01
-2.761994207132318357e-01
-2.626417145149087529e-01
-2.433874485509188723e-01
-2.189340545554187001e-01
-1.898611724976149162e-01
-1.568214786790785575e-01
-1.205303619753693295e-01
-8.175461103865880319e-02
-4.130029087575856628e-02
-2.183814815935285994e-14
4.130029087571527452e-02
8.175461103861662859e-02
1.205303619753290006e-01
1.568214786790406989e-01
1.898611724975803328e-01
2.189340545553878636e-01
2.433874485508923657e-01
2.626417145148872700e-01
2.761994207132155155e-01
2.836532190425509192e-01
2.846922997147412482e-01
2.791073234306625239e-01
2.667937532554363611e-01
2.477535336445370606e-01
2.220950901367387542e-01
1.900316497139537542e-01
1.518779083121047646e-01
1.080450980336032513e-01
5.903453184967635825e-02
5.429727591695293967e-03
-5.211276456387076844e-02
-1.128736864655588840e-01
-1.760823853952940832e-01
-2.409289381005407238e-01
-3.065768942516635120e-01
-3.721764383572326862e-01
-4.368777625706400936e-01
-4.998444394955138814e-01
-5.602665840973982680e-01
-6.173735971550809998e-01
-6.704462892842968369e-01
-7.188281943352504699e-01
-7.619358937494508099e-01
-7.992681890590819238e-01
-8.304139778775927461e-01
-8.550587091768865333e-01
-8.729893160519600626e-01
-8.840975481847529460e-01
-8.883816514566406086e-01
-8.859463682254300476e-01
-8.770012582668144097e-01
-8.618573668643398911e-01
-8.409222925983647068e-01
-8.146937326221600495e-01
-7.837516072242199927e-01
-7.487488878813074455e-01
-7.104012734534688178e-01
-6.694758773377060823e-01
-6.267791039947238074e-01
-5.831439060472278779e-01
-5.394166229169475857e-01
-4.964436085669318155e-01
-4.550578592415425172e-01
-4.160658520965933027e-01
-3.802348022861662957e-01
-3.482805394732905180e-01
-3.208561949629604171e-01
-2.985418778719094446e-01
-2.818355031518405829e-01
-2.711449161173399292e-01
-2.667814376830188183e-01
-2.689549321089452216e-01
-2.777704750425300517e-01
-2.932266744073510067e-01
-3.152156706229780614e-01
-3.435248161557638014e-01
-3.778400079164700442e-01
-4.177506199541715093e-01
-4.627559586582108420e-01
-5.122731386690655420e-01
-5.656462552935208610e-01
-6.221567087728433476e-01
-6.810345175871939105e-01
-7.414704423817923828e-01
-8.026287293162798209e-01
-8.636602718700414627e-01
-9.237159835368686789e-01
-9.819601705164641148e-01
-1.037583693510278682e+00
-1.089816711055080267e+00
-1.137940803426995773e+00
-1.181300285917497250e+00
-1.219312533066838622e+00
-1.251477151038184132e+00
-1.277383853481140585e+00
-1.296718916680082545e+00
-1.309270112188152480e+00
-1.314930039158704211e+00
-1.313697803823657084e+00
-1.305679019634631954e+00
-1.291084128066849024e+00
-1.270225066569864447e+00
-1.243510336215647438e+00
-1.211438546832164898e+00
-1.174590541421571821e+00
-1.133620224067547921e+00
-1.089244235983044096e+00
-1.042230642515145078e+00
-9.933868095214949401e-01
-9.435466603167771416e-01
-8.935575141564544577e-01
-8.442667138243381553e-01
-7.965082532164344808e-01
-7.510896158135443867e-01
-7.087790316091665543e-01
-6.702933534599243570e-01
-6.362867440570084687e-01
-6.073403519330825562e-01
-5.839531393213790444e-01
-5.665340065182341567e-01
-5.553953369536351881e-01
-5.507480647688706155e-01
-5.526983426894678253e-01
-5.612458627439348424e-01
-5.762838563123925395e-01
-5.976007735050902214e-01
-6.248836153867010079e-01
-6.577228664958670867e-01
-6.956189498717957331e-01
-7.379901027887935117e-01
-7.841815489941639239e-01
-8.334758227981834411e-01
-8.851040821994387020e-01
-9.382582326310396903e-01
-9.921036701292129667e-01
-1.045792442957042656e+00
-1.098476624116780265e+00
-1.149321683858249399e+00
-1.197519651290864129e+00
-1.242301857532695841e+00
-1.282951059429348728e+00
-1.318812752644153097e+00
-1.349305495705205971e+00
-1.373930082192535762e+00
-1.392277416414127611e+00
-1.404034968366229874e+00
-1.408991706178851500e+00
-1.407041428258254623e+00
-1.398184442575930664e+00
-1.382527566619969450e+00
-1.360282448008825140e+00
-1.331762232251587852e+00
-1.297376630205295367e+00
-1.257625463017478573e+00
-1.213090786353069994e+00
-1.164427718110246035e+00
-1.112354114276501438e+00
-1.057639255741681161e+00
-1.001091724482459533e+00
-9.435466603167789179e-01
-8.858525991954937506e-01
-8.288581005978054028e-01
-7.733983749229805804e-01
-7.202821217708499368e-01
-6.702787866776722669e-01
-6.241064372746142341e-01
-5.824204500673639817e-01
-5.458031862513627042e-01
-5.147548193794063698e-01
-4.896854595328997140e-01
-4.709086982013647726e-01
-4.586366756693233127e-01
-4.529767486987715808e-01
-4.539298110577900669e-01
-4.613902933794078454e-01
-4.751478423507410342e-01
-4.948906527483358797e-01
-5.202103997692130166e-01
-5.506086938694438881e-01
-5.855049563111790478e-01
-6.242455912135794760e-01
-6.661143094563990452e-01
-7.103434416195273382e-01
-7.561260615440381638e-01
-8.026287293162793768e-01
-8.490046527077947935e-01
-8.944070595045343630e-01
-9.380025698329071959e-01
-9.789843575902194006e-01
-1.016584893412965984e+00
-1.050088068215762060e+00
-1.078840506102455077e+00
-1.102261888234972176e+00
-1.119854124843206344e+00
-1.131209230724710357e+00
-1.136015780029643762e+00
-1.134063838531910839e+00
-1.125248295598326509e+00
-1.109570543305312018e+00
-1.087138476219073224e+00
-1.058164811839284569e+00
-1.022963758190413408e+00
-9.819460811112463716e-01
-9.356126490308438459e-01
-8.845465570300690139e-01
-8.294039543932948400e-01
-7.709037203016095852e-01
-7.098161504842755987e-01
-6.469508332429532160e-01
-5.831439060472307645e-01
-5.192448936687242833e-01
-4.561033354203683499e-01
-3.945554123934075785e-01
-3.354107855846115704e-01
-2.794398524803223816e-01
-2.273616230646115233e-01
-1.798324064500835540e-01
-1.374354865458403407e-01
-1.006719495793741842e-01
-6.995280812370013868e-02
-4.559254583435046193e-02
-2.780418469537424345e-02
-1.669595256258116570e-02
-1.226960355459576560e-02
-1.442041777586179283e-02
-2.293888037164023772e-02
-3.751401343094953877e-02
-5.773830818696733952e-02
-8.311417972674611798e-02
-1.130618424111808767e-01
-1.469284818006998117e-01
-1.839985784354498943e-01
-2.235052206532997798e-01
-2.646422280312306641e-01
-3.065768942516645112e-01
-3.484631484265444668e-01
-3.894549273126359235e-01
-4.287195475256243005e-01
-4.654508668605708555e-01
-4.988820271522066974e-01
-5.282975777078766644e-01
-5.530447881146823841e-01
-5.725439720063993931e-01
-5.862976589734911759e-01
-5.938984699649958454e-01
-5.950355719777576935e-01
-5.894996102339468136e-01
-5.771860400587207618e-01
-5.580968059075538390e-01
-5.323403410591842633e-01
-5.001298879742300807e-01
-4.617801658036179147e-01
-4.177024375973943382e-01
-3.683980550021664913e-01
-3.144505822463230515e-01
-2.565166236176609771e-01
-1.953154990847379147e-01
-1.316179308787266133e-01
-6.623391945028923866e-02
-2.350710949587113552e-14
6.623391945024291461e-02
1.316179308786813440e-01
1.953154990846944494e-01
2.565166236176202319e-01
3.144505822462859146e-01
3.683980550021334621e-01
4.177024375973663051e-01
4.617801658035953216e-01
5.001298879742129833e-01
5.323403410591733831e-01
5.580968059075492871e-01
5.771860400587228712e-01
5.894996102339554733e-01
5.950355719777727925e-01
5.938984699650173837e-01
5.862976589735188204e-01
5.725439720064328109e-01
5.530447881147212419e-01
5.282975777079200741e-01
4.988820271522546035e-01
4.654508668606225363e-01
4.287195475256787569e-01
3.894549273126921562e-01
3.484631484266016987e-01
3.065768942517222428e-01
2.646422280312875630e-01
2.235052206533557906e-01
1.839985784355037679e-01
1.469284818007506044e-01
1.130618424112282000e-01
8.311417972678906974e-02
5.773830818700506629e-02
3.751401343098147850e-02
2.293888037166627245e-02
1.442041777588125469e-02
1.226960355460861643e-02
1.669595256258717825e-02
2.780418469537340037e-02
4.559254583434272506e-02
6.995280812368573353e-02
1.006719495793535341e-01
1.374354865458137509e-01
1.798324064500512187e-01
2.273616230645744418e-01
2.794398524802809702e-01
3.354107855845663844e-01
3.945554123933596724e-01
4.561033354203183343e-01
5.192448936686729910e-01
5.831439060471792502e-01
6.469508332429025899e-01
7.098161504842261937e-01
7.709037203015625117e-01
8.294039543932509861e-01
8.845465570300287128e-01
9.356126490308082078e-01
9.819460811112156184e-01
1.022963758190388539e+00
1.058164811839265695e+00
1.087138476219061234e+00
1.109570543305306023e+00
1.125248295598327841e+00
1.134063838531919499e+00
1.136015780029658861e+00
1.131209230724732118e+00
1.119854124843234766e+00
1.102261888235006149e+00
1.078840506102494823e+00
1.050088068215806247e+00
1.016584893413014612e+00
9.789843575902719142e-01
9.380025698329622630e-01
8.944070595045916505e-01
8.490046527078528582e-01
8.026287293163378855e-01
7.561260615440957844e-01
7.103434416195835155e-01
6.661143094564527800e-01
6.242455912136298801e-01
5.855049563112255662e-01
5.506086938694857436e-01
5.202103997692496540e-01
4.948906527483666884e-01
4.751478423507655147e-01
4.613902933794253314e-01
4.539298110578005585e-01
4.529767486987748004e-01
4.586366756693192048e-01
4.709086982013535039e-01
4.896854595328814508e-01
5.147548193793811677e-01
5.458031862513311738e-01
5.824204500673264562e-01
6.241064372745717126e-01
6.702787866776246384e-01
7.202821217707983115e-01
7.733983749229257354e-01
8.288581005977481153e-01
8.858525991954345757e-01
9.435466603167187438e-01
1.001091724482399581e+00
1.057639255741622319e+00
1.112354114276444816e+00
1.164427718110191634e+00
1.213090786353018924e+00
1.257625463017431722e+00
1.297376630205252734e+00
1.331762232251550770e+00
1.360282448008793388e+00
1.382527566619944137e+00
1.398184442575911568e+00
1.407041428258241966e+00
1.408991706178845726e+00
1.404034968366230762e+00
1.392277416414134716e+00
1.373930082192549085e+00
1.349305495705225066e+00
1.318812752644177966e+00
1.282951059429378704e+00
1.242301857532730036e+00
1.197519651290901654e+00
1.149321683858289811e+00
1.098476624116823119e+00
1.045792442957086843e+00
9.921036701292578197e-01
9.382582326310842102e-01
8.851040821994824448e-01
8.334758227982250745e-01
7.841815489942027817e-01
7.379901027888289278e-01
6.956189498718270414e-01
6.577228664958938431e-01
6.248836153867226573e-01
5.976007735051062086e-01
5.762838563124023095e-01
5.612458627439383951e-01
5.526983426894648277e-01
5.507480647688610675e-01
5.553953369536190898e-01
5.665340065182113971e-01
5.839531393213506227e-01
6.073403519330481393e-01
6.362867440569685007e-01
6.702933534598798371e-01
7.087790316091177045e-01
7.510896158134923173e-01
7.965082532163796358e-01
8.442667138242813119e-01
8.935575141563967261e-01
9.435466603167188548e-01
9.933868095214372085e-01
1.042230642515088457e+00
1.089244235982990139e+00
1.133620224067496851e+00
1.174590541421525192e+00
1.211438546832122931e+00
1.243510336215610357e+00
1.270225066569833139e+00
1.291084128066823711e+00
1.305679019634613303e+00
1.313697803823645316e+00
1.314930039158699104e+00
1.309270112188154034e+00
1.296718916680091427e+00
1.277383853481155462e+00
1.251477151038205893e+00
1.219312533066866377e+00
1.181300285917530557e+00
1.137940803427033520e+00
1.089816711055122678e+00
1.037583693510324423e+00
9.819601705165127425e-01
9.237159835369191940e-01
8.636602718700933101e-01
8.026287293163318903e-01
7.414704423818437862e-01
6.810345175872439816e-01
6.221567087728905321e-01
5.656462552935656030e-01
5.122731386691061761e-01
4.627559586582468687e-01
4.177506199542023180e-01
3.778400079164952463e-01
3.435248161557828972e-01
3.152156706229905514e-01
2.932266744073567799e-01
2.777704750425288305e-01
2.689549321089370615e-01
2.667814376830038303e-01
2.711449161173181133e-01
2.818355031518124387e-01
2.985418778718752497e-01
3.208561949629207266e-01
3.482805394732457760e-01
3.802348022861168908e-01
4.160658520965406781e-01
4.550578592414866730e-01
4.964436085668742504e-01
5.394166229168886328e-01
5.831439060471684810e-01
6.267791039946650766e-01
6.694758773376486838e-01
7.104012734534137508e-01
7.487488878812549320e-01
7.837516072241715870e-01
8.146937326221158626e-01
8.409222925983257380e-01
8.618573668643066954e-01
8.770012582667874312e-01
8.859463682254092864e-01
8.883816514566268419e-01
8.840975481847461737e-01
8.729893160519601736e-01
8.550587091768936387e-01
8.304139778776064018e-01
7.992681890591019078e-01
7.619358937494770112e-01
7.188281943352822223e-01
6.704462892843339183e-01
6.173735971551226331e-01
5.602665840974436762e-01
4.998444394955623982e-01
4.368777625706906087e-01
3.721764383572844781e-01
3.065768942517158591e-01
2.409289381005927100e-01
1.760823853953448204e-01
1.128736864656075395e-01
5.211276456391682882e-02
-5.429727591653101156e-03
-5.903453184963826372e-02
-1.080450980335702499e-01
-1.518779083120772588e-01
-1.900316497139321881e-01
-2.220950901367234609e-01
-2.477535336445284564e-01
-2.667937532554345847e-01
-2.791073234306674089e-01
-2.846922997147529610e-01
-2.836532190425692934e-01
-2.761994207132401624e-01
-2.626417145149179122e-01
-2.433874485509286145e-01
-2.189340545554291917e-01
-1.898611724976260184e-01
-1.568214786790900761e-01
-1.205303619753816113e-01
-8.175461103867108503e-02
-4.130029087577139629e-02
-3.447385594296070265e-14
4.130029087570258328e-02
8.175461103860404144e-02
1.205303619753166633e-01
1.568214786790287085e-01
1.898611724975688697e-01
2.189340545553766781e-01
2.433874485508821239e-01
2.626417145148775001e-01
2.761994207132068002e-01
2.836532190425430366e-01
2.846922997147344203e-01
2.791073234306564732e-01
2.667937532554314761e-01
2.477535336445331748e-01
2.220950901367358399e-01
1.900316497139517558e-01
1.518779083121038487e-01
1.080450980336030570e-01
5.903453184967704520e-02
5.429727591696703430e-03
-5.211276456386873535e-02
-1.128736864655559974e-01
-1.760823853952907247e-01
-2.409289381005366437e-01
-3.065768942516594042e-01
-3.721764383572279677e-01
-4.368777625706355972e-01
-4.998444394955091630e-01
-5.602665840973934941e-01
-6.173735971550764479e-01
-6.704462892842922850e-01
-7.188281943352460290e-01
-7.619358937494467021e-01
-7.992681890590780380e-01
-8.304139778775891934e-01
-8.550587091768835357e-01
-8.729893160519573980e-01
-8.840975481847507256e-01
-8.883816514566389433e-01
-8.859463682254288264e-01
-8.770012582668134105e-01
-8.618573668643395580e-01
-8.409222925983641517e-01
-8.146937326221600495e-01
-7.837516072242202148e-01
-7.487488878813080007e-01
-7.104012734534700391e-01
-6.694758773377071925e-01
-6.267791039947252507e-01
-5.831439060472288771e-01
-5.394166229169491400e-01
-4.964436085669328702e-01
-4.550578592415434609e-01
-4.160658520965941354e-01
-3.802348022861666843e-01
-3.482805394732909066e-01
-3.208561949629605281e-01
-2.985418778719092781e-01
-2.818355031518397502e-01
-2.711449161173389300e-01
-2.667814376830174306e-01
-2.689549321089434453e-01
-2.777704750425278868e-01
-2.932266744073485643e-01
-3.152156706229751193e-01
-3.435248161557605817e-01
-3.778400079164664360e-01
-4.177506199541677345e-01
-4.627559586582066231e-01
-5.122731386690614341e-01
-5.656462552935166421e-01
-6.221567087728384626e-01
-6.810345175871895806e-01
-7.414704423817879420e-01
-8.026287293162751579e-01
-8.636602718700367998e-01
-9.237159835368641270e-01
-9.819601705164596739e-01
-1.037583693510274685e+00
-1.089816711055076492e+00
-1.137940803426991998e+00
-1.181300285917493698e+00
-1.219312533066835069e+00
-1.251477151038180580e+00
-1.277383853481137255e+00
-1.296718916680079436e+00
-1.309270112188149371e+00
-1.314930039158701103e+00
-1.313697803823653976e+00
-1.305679019634629068e+00
-1.291084128066846137e+00
-1.270225066569861783e+00
-1.243510336215644774e+00
-1.211438546832162233e+00
-1.174590541421568934e+00
-1.133620224067544591e+00
-1.089244235983040321e+00
-1.042230642515141081e+00
-9.933868095214911653e-01
-9.435466603167730337e-01
-8.935575141564506829e-01
-8.442667138243337144e-01
-7.965082532164301510e-01
-7.510896158135395018e-01
-7.087790316091610032e-01
-6.702933534599185839e-01
-6.362867440570020294e-01
-6.073403519330758948e-01
-5.839531393213718280e-01
-5.665340065182266072e-01
-5.553953369536271945e-01
-5.507480647688621778e-01
-5.526983426894588325e-01
-5.612458627439255165e-01
-5.762838563123826585e-01
-5.976007735050798964e-01
-6.248836153866902388e-01
-6.577228664958559845e-01
-6.956189498717839648e-01
-7.379901027887816323e-01
-7.841815489941513784e-01
-8.334758227981710066e-01
-8.851040821994259344e-01
-9.382582326310264786e-01
-9.921036701291998661e-01
-1.045792442957029555e+00
-1.098476624116766942e+00
-1.149321683858235854e+00
-1.197519651290850806e+00
-1.242301857532682741e+00
-1.282951059429335849e+00
-1.318812752644140440e+00
-1.349305495705193536e+00
-1.373930082192523772e+00
-1.392277416414115843e+00
-1.404034968366218994e+00
-1.408991706178840619e+00
-1.407041428258244409e+00
-1.398184442575920894e+00
-1.382527566619960346e+00
-1.360282448008816036e+00
-1.331762232251579858e+00
-1.297376630205287595e+00
-1.257625463017471912e+00
-1.213090786353063555e+00
-1.164427718110240484e+00
-1.112354114276496331e+00
-1.057639255741676720e+00
-1.001091724482455092e+00
-9.435466603167745880e-01
-8.858525991954900869e-01
-8.288581005978021832e-01
-7.733983749229779159e-01
-7.202821217708474943e-01
-6.702787866776703796e-01
-6.241064372746127908e-01
-5.824204500673626494e-01
-5.458031862513615939e-01
-5.147548193794053706e-01
-4.896854595328990478e-01
-4.709086982013643286e-01
-4.586366756693230351e-01
-4.529767486987715808e-01
-4.539298110577903445e-01
-4.613902933794082339e-01
-4.751478423507418669e-01
-4.948906527483369899e-01
-5.202103997692143489e-01
-5.506086938694451094e-01
-5.855049563111806021e-01
-6.242455912135809193e-01
-6.661143094564009326e-01
-7.103434416195292256e-01
-7.561260615440402733e-01
-8.026287293162820413e-01
-8.490046527077972360e-01
-8.944070595045375827e-01
-9.380025698329101935e-01
-9.789843575902228423e-01
-1.016584893412969093e+00
-1.050088068215765391e+00
-1.078840506102458852e+00
-1.102261888234976173e+00
-1.119854124843210563e+00
-1.131209230724714798e+00
-1.136015780029648203e+00
-1.134063838531915502e+00
-1.125248295598330728e+00
-1.109570543305316459e+00
-1.087138476219077887e+00
-1.058164811839289232e+00
-1.022963758190418071e+00
-9.819460811112507015e-01
-9.356126490308483978e-01
-8.845465570300733438e-01
-8.294039543932989478e-01
-7.709037203016135820e-01
-7.098161504842795955e-01
-6.469508332429571018e-01
-5.831439060472342062e-01
-5.192448936687275030e-01
-4.561033354203710699e-01
-3.945554123934102986e-01
-3.354107855846137354e-01
-2.794398524803244910e-01
-2.273616230646134384e-01
-1.798324064500852193e-01
-1.374354865458417840e-01
-1.006719495793752667e-01
-6.995280812370092971e-02
-4.559254583435098235e-02
-2.780418469537455917e-02
-1.669595256258126631e-02
-1.226960355459558692e-02
-1.442041777586136435e-02
-2.293888037163963403e-02
-3.751401343094876856e-02
-5.773830818696659012e-02
-8.311417972674517429e-02
-1.130618424111800163e-01
-1.469284818006985627e-01
-1.839985784354486731e-01
-2.235052206532981700e-01
-2.646422280312290543e-01
-3.065768942516629014e-01
-3.484631484265426904e-01
-3.894549273126347577e-01
-4.287195475256230792e-01
-4.654508668605699673e-01
-4.988820271522058092e-01
-5.282975777078758872e-01
-5.530447881146818290e-01
-5.725439720063992821e-01
-5.862976589734910648e-01
-5.938984699649961785e-01
-5.950355719777584707e-01
-5.894996102339479238e-01
-5.771860400587223161e-01
-5.580968059075556154e-01
-5.323403410591865947e-01
-5.001298879742328563e-01
-4.617801658036210788e-01
-4.177024375973976689e-01
-3.683980550021702105e-01
-3.144505822463269373e-01
-2.565166236176651959e-01
-1.953154990847421335e-01
-1.316179308787311375e-01
-6.623391945029405425e-02
-2.834020252861576568e-14
6.623391945023808514e-02
1.316179308786768754e-01
1.953154990846900918e-01
2.565166236176163461e-01
3.144505822462820843e-01
3.683980550021300759e-01
4.177024375973631409e-01
4.617801658035923795e-01
5.001298879742107628e-01
5.323403410591713847e-01
5.580968059075478438e-01
5.771860400587219830e-01
5.894996102339548072e-01
5.950355719777727925e-01
5.938984699650177168e-01
5.862976589735195976e-01
5.725439720064339211e-01
5.530447881147226852e-01
5.282975777079222945e-01
4.988820271522564909e-01
4.654508668606246458e-01
4.287195475256806998e-01
3.894549273126944877e-01
3.484631484266040302e-01
3.065768942517248519e-01
2.646422280312903941e-01
2.235052206533580665e-01
1.839985784355062381e-01
1.469284818007527138e-01
1.130618424112301568e-01
8.311417972679059629e-02
5.773830818700656509e-02
3.751401343098295649e-02
2.293888037166755267e-02
1.442041777588234583e-02
1.226960355460939012e-02
1.669595256258775764e-02
2.780418469537370915e-02
4.559254583434284303e-02
6.995280812368570578e-02
1.006719495793531177e-01
1.374354865458130848e-01
1.798324064500503860e-01
2.273616230645731373e-01
2.794398524802795825e-01
3.354107855845648301e-01
3.945554123933580626e-01
4.561033354203163359e-01
5.192448936686713257e-01
5.831439060471773628e-01
6.469508332429002584e-01
7.098161504842236402e-01
7.709037203015596251e-01
8.294039543932480996e-01
8.845465570300257152e-01
9.356126490308053212e-01
9.819460811112126208e-01
1.022963758190385430e+00
1.058164811839263031e+00
1.087138476219058125e+00
1.109570543305303358e+00
1.125248295598324955e+00
1.134063838531916391e+00
1.136015780029655753e+00
1.131209230724729231e+00
1.119854124843232102e+00
1.102261888235003706e+00
1.078840506102492158e+00
1.050088068215804471e+00
1.016584893413012836e+00
9.789843575902700268e-01
9.380025698329604866e-01
8.944070595045902072e-01
8.490046527078513039e-01
8.026287293163365533e-01
7.561260615440946742e-01
7.103434416195824053e-01
6.661143094564521139e-01
6.242455912136289919e-01
5.855049563112252331e-01
5.506086938694850774e-01
5.202103997692490989e-01
4.948906527483659668e-01
4.751478423507647375e-01
4.613902933794247208e-01
4.539298110578001144e-01
4.529767486987743008e-01
4.586366756693188163e-01
4.709086982013528933e-01
4.896854595328806736e-01
5.147548193793805016e-01
5.458031862513306187e-01
5.824204500673257900e-01
6.241064372745707134e-01
6.702787866776238612e-01
7.202821217707972012e-01
7.733983749229248472e-01
8.288581005977471161e-01
8.858525991954344647e-01
9.435466603167186328e-01
1.001091724482399581e+00
1.057639255741622986e+00
1.112354114276445261e+00
1.164427718110192300e+00
1.213090786353019812e+00
1.257625463017433720e+00
1.297376630205255177e+00
1.331762232251553879e+00
1.360282448008796941e+00
1.382527566619948578e+00
1.398184442575916453e+00
1.407041428258247295e+00
1.408991706178851500e+00
1.404034968366237424e+00
1.392277416414142266e+00
1.373930082192556856e+00
1.349305495705233282e+00
1.318812752644186848e+00
1.282951059429388030e+00
1.242301857532739584e+00
1.197519651290911868e+00
1.149321683858300025e+00
1.098476624116834000e+00
1.045792442957097501e+00
9.921036701292682558e-01
9.382582326310944243e-01
8.851040821994923258e-01
8.334758227982345113e-01
7.841815489942117745e-01
7.379901027888378096e-01
6.956189498718351460e-01
6.577228664959013926e-01
6.248836153867290966e-01
5.976007735051122038e-01
5.762838563124075275e-01
5.612458627439426140e-01
5.526983426894681584e-01
5.507480647688636211e-01
5.553953369536208662e-01
5.665340065182126184e-01
5.839531393213507338e-01
6.073403519330478062e-01
6.362867440569673905e-01
6.702933534598783938e-01
7.087790316091157061e-01
7.510896158134898748e-01
7.965082532163768603e-01
8.442667138242779812e-01
8.935575141563932844e-01
9.435466603167151911e-01
9.933868095214338778e-01
1.042230642515085126e+00
1.089244235982987030e+00
1.133620224067493965e+00
1.174590541421522305e+00
1.211438546832120933e+00
1.243510336215608358e+00
1.270225066569832251e+00
1.291084128066823045e+00
1.305679019634613081e+00
1.313697803823645760e+00
1.314930039158700659e+00
1.309270112188156698e+00
1.296718916680094535e+00
1.277383853481159681e+00
1.251477151038210334e+00
1.219312533066871707e+00
1.181300285917536774e+00
1.137940803427040626e+00
1.089816711055130005e+00
1.037583693510332195e+00
9.819601705165212913e-01
9.237159835369284089e-01
8.636602718701025250e-01
8.026287293163414382e-01
7.414704423818531120e-01
6.810345175872535295e-01
6.221567087728999690e-01
5.656462552935747068e-01
5.122731386691148359e-01
4.627559586582553619e-01
4.177506199542104781e-01
3.778400079165026293e-01
3.435248161557897806e-01
3.152156706229966576e-01
2.932266744073621090e-01
2.777704750425333824e-01
2.689549321089408362e-01
2.667814376830066614e-01
2.711449161173203337e-01
2.818355031518135489e-01
2.985418778718758048e-01
3.208561949629203935e-01
3.482805394732449433e-01
3.802348022861153365e-01
4.160658520965386242e-01
4.550578592414840640e-01
4.964436085668708087e-01
5.394166229168851912e-01
5.831439060471643732e-01
6.267791039946609688e-01
6.694758773376443539e-01
7.104012734534094209e-01
7.487488878812509352e-01
7.837516072241675902e-01
8.146937326221123099e-01
8.409222925983219632e-01
8.618573668643034758e-01
8.770012582667842116e-01
8.859463682254067329e-01
8.883816514566247324e-01
8.840975481847443973e-01
8.729893160519589523e-01
8.550587091768927506e-01
8.304139778776064018e-01
7.992681890591024629e-01
7.619358937494778994e-01
7.188281943352836656e-01
6.704462892843355837e-01
6.173735971551245205e-01
5.602665840974456746e-01
4.998444394955647851e-01
4.368777625706934398e-01
3.721764383572874757e-01
3.065768942517191897e-01
2.409289381005957353e-01
1.760823853953481233e-01
1.128736864656104955e-01
5.211276456391963907e-02
-5.429727591650476519e-03
-5.903453184963593919e-02
-1.080450980335680849e-01
-1.518779083120754270e-01
-1.900316497139305782e-01
-2.220950901367223229e-01
-2.477535336445277070e-01
-2.667937532554341962e-01
-2.791073234306675199e-01
-2.846922997147533496e-01
-2.836532190425700706e-01
-2.761994207132413282e-01
-2.626417145149194665e-01
-2.433874485509306129e-01
-2.189340545554311901e-01
-1.898611724976285164e-01
-1.568214786790925463e-01
-1.205303619753843175e-01
-8.175461103867392998e-02
-4.130029087577397756e-02
-3.741466671547902633e-14
4.130029087569975221e-02
8.175461103860097445e-02
1.205303619753140681e-01
1.568214786790258775e-01
1.898611724975663995e-01
2.189340545553744299e-01
2.433874485508798480e-01
2.626417145148754462e-01
2.761994207132047463e-01
2.836532190425412048e-01
2.846922997147324774e-01
2.791073234306548079e-01
2.667937532554297553e-01
2.477535336445314262e-01
2.220950901367340913e-01
1.900316497139499794e-01
1.518779083121019891e-01
1.080450980336011835e-01
5.903453184967498435e-02
5.429727591694664263e-03
-5.211276456387120559e-02
-1.128736864655587313e-01
-1.760823853952939166e-01
-2.409289381005404462e-01
-3.065768942516633455e-01
-3.721764383572322421e-01
-4.368777625706398160e-01
-4.998444394955142145e-01
-5.602665840973987121e-01
-6.173735971550821100e-01
-6.704462892842985022e-01
-7.188281943352529124e-01
-7.619358937494540296e-01
-7.992681890590859206e-01
-8.304139778775972980e-01
-8.550587091768923065e-01
-8.729893160519665019e-01
-8.840975481847603845e-01
-8.883816514566488243e-01
-8.859463682254392625e-01
-8.770012582668244017e-01
-8.618573668643505492e-01
-8.409222925983758090e-01
-8.146937326221719289e-01
-7.837516072242326493e-01
-7.487488878813201021e-01
-7.104012734534823625e-01
-6.694758773377194050e-01
-6.267791039947375742e-01
-5.831439060472416447e-01
-5.394166229169612414e-01
-4.964436085669451937e-01
-4.550578592415555068e-01
-4.160658520966062923e-01
-3.802348022861782306e-01
-3.482805394733022863e-01
-3.208561949629713528e-01
-2.985418778719196031e-01
-2.818355031518499088e-01
-2.711449161173485889e-01
-2.667814376830265344e-01
-2.689549321089520495e-01
-2.777704750425359914e-01
-2.932266744073561138e-01
-3.152156706229822247e-01
-3.435248161557673541e-01
-3.778400079164728753e-01
-4.177506199541733967e-01
-4.627559586582119522e-01
-5.122731386690662081e-01
-5.656462552935209720e-01
-6.221567087728423484e-01
-6.810345175871931334e-01
-7.414704423817909396e-01
-8.026287293162781555e-01
-8.636602718700399084e-01
-9.237159835368666805e-01
-9.819601705164617833e-01
-1.037583693510276239e+00
-1.089816711055077603e+00
-1.137940803426992886e+00
-1.181300285917495252e+00
-1.219312533066836401e+00
-1.251477151038182134e+00
-1.277383853481138143e+00
-1.296718916680080769e+00
-1.309270112188150703e+00
-1.314930039158702213e+00
-1.313697803823655308e+00
-1.305679019634630178e+00
-1.291084128066847470e+00
-1.270225066569862893e+00
-1.243510336215645884e+00
-1.211438546832163121e+00
-1.174590541421570489e+00
-1.133620224067546145e+00
-1.089244235983042319e+00
-1.042230642515143080e+00
-9.933868095214930527e-01
-9.435466603167746991e-01
-8.935575141564517931e-01
-8.442667138243354907e-01
-7.965082532164314832e-01
-7.510896158135408340e-01
-7.087790316091623355e-01
-6.702933534599200271e-01
-6.362867440570032507e-01
-6.073403519330772271e-01
-5.839531393213730492e-01
-5.665340065182273843e-01
-5.553953369536279716e-01
-5.507480647688626219e-01
-5.526983426894593876e-01
-5.612458627439257386e-01
-5.762838563123827695e-01
-5.976007735050801184e-01
-6.248836153866901277e-01
-6.577228664958556514e-01
-6.956189498717838537e-01
-7.379901027887811882e-01
-7.841815489941511563e-01
-8.334758227981705625e-01
-8.851040821994254904e-01
-9.382582326310260346e-01
-9.921036701291995330e-01
-1.045792442957029778e+00
-1.098476624116767164e+00
-1.149321683858236298e+00
-1.197519651290851028e+00
-1.242301857532683407e+00
-1.282951059429336516e+00
-1.318812752644141328e+00
-1.349305495705194202e+00
-1.373930082192524660e+00
-1.392277416414117175e+00
-1.404034968366220326e+00
-1.408991706178842174e+00
-1.407041428258245963e+00
-1.398184442575922670e+00
-1.382527566619962123e+00
-1.360282448008818035e+00
-1.331762232251581413e+00
-1.297376630205289594e+00
-1.257625463017473688e+00
-1.213090786353065109e+00
-1.164427718110241816e+00
-1.112354114276498107e+00
-1.057639255741678053e+00
-1.001091724482456646e+00
-9.435466603167761424e-01
-8.858525991954915302e-01
-8.288581005978035154e-01
-7.733983749229786930e-01
-7.202821217708482715e-01
-6.702787866776706016e-01
-6.241064372746130129e-01
-5.824204500673625384e-01
-5.458031862513614829e-01
-5.147548193794050375e-01
-4.896854595328981596e-01
-4.709086982013631628e-01
-4.586366756693214808e-01
-4.529767486987695824e-01
-4.539298110577879020e-01
-4.613902933794054029e-01
-4.751478423507384252e-01
-4.948906527483331597e-01
-5.202103997692102411e-01
-5.506086938694407795e-01
-5.855049563111759392e-01
-6.242455912135759233e-01
-6.661143094563957145e-01
-7.103434416195238965e-01
-7.561260615440347221e-01
-8.026287293162758241e-01
-8.490046527077910188e-01
-8.944070595045311434e-01
-9.380025698329040873e-01
-9.789843575902165140e-01
-1.016584893412963320e+00
-1.050088068215759174e+00
-1.078840506102453078e+00
-1.102261888234970622e+00
-1.119854124843205012e+00
-1.131209230724709025e+00
-1.136015780029642208e+00
-1.134063838531910173e+00
-1.125248295598326065e+00
-1.109570543305311574e+00
-1.087138476219073002e+00
-1.058164811839284347e+00
-1.022963758190413408e+00
-9.819460811112464826e-01
-9.356126490308442900e-01
-8.845465570300693470e-01
-8.294039543932949510e-01
-7.709037203016095852e-01
-7.098161504842752656e-01
-6.469508332429532160e-01
-5.831439060472304314e-01
-5.192448936687239502e-01
-4.561033354203677948e-01
-3.945554123934068569e-01
-3.354107855846105712e-01
-2.794398524803211048e-01
-2.273616230646101910e-01
-1.798324064500818609e-01
-1.374354865458387032e-01
-1.006719495793724772e-01
-6.995280812369829293e-02
-4.559254583434855373e-02
-2.780418469537229709e-02
-1.669595256257918117e-02
-1.226960355459378454e-02
-1.442041777585974238e-02
-2.293888037163838850e-02
-3.751401343094756813e-02
-5.773830818696547990e-02
-8.311417972674429999e-02
-1.130618424111790588e-01
-1.469284818006980631e-01
-1.839985784354482012e-01
-2.235052206532981145e-01
-2.646422280312286657e-01
-3.065768942516629014e-01
-3.484631484265428569e-01
-3.894549273126345912e-01
-4.287195475256233013e-01
-4.654508668605699673e-01
-4.988820271522059202e-01
-5.282975777078759982e-01
-5.530447881146821620e-01
-5.725439720063992821e-01
-5.862976589734915089e-01
-5.938984699649965115e-01
-5.950355719777588037e-01
-5.894996102339484789e-01
-5.771860400587228712e-01
-5.580968059075563925e-01
-5.323403410591871499e-01
-5.001298879742334114e-01
-4.617801658036219115e-01
-4.177024375973985570e-01
-3.683980550021712097e-01
-3.144505822463281586e-01
-2.565166236176664172e-01
-1.953154990847436878e-01
-1.316179308787326085e-01
-6.623391945029563632e-02
-2.975328797728658109e-14
6.623391945023629490e-02
1.316179308786750157e-01
1.953154990846882322e-01
2.565166236176141257e-01
3.144505822462800304e-01
3.683980550021278555e-01
4.177024375973609760e-01
4.617801658035903256e-01
5.001298879742085424e-01
5.323403410591692753e-01
5.580968059075457344e-01
5.771860400587197626e-01
5.894996102339529198e-01
5.950355719777707941e-01
5.938984699650158294e-01
5.862976589735177102e-01
5.725439720064324778e-01
5.530447881147210198e-01
5.282975777079208513e-01
4.988820271522553251e-01
4.654508668606232580e-01
4.287195475256798116e-01
3.894549273126934885e-01
3.484631484266029755e-01
3.065768942517232420e-01
2.646422280312888398e-01
2.235052206533564012e-01
1.839985784355044063e-01
1.469284818007509097e-01
1.130618424112277837e-01
8.311417972678813992e-02
5.773830818700351197e-02
3.751401343097946622e-02
2.293888037166339280e-02
1.442041777587776616e-02
1.226960355460426227e-02
1.669595256258207469e-02
2.780418469536749190e-02
4.559254583433607760e-02
6.995280812367830892e-02
1.006719495793453600e-01
1.374354865458048414e-01
1.798324064500418651e-01
2.273616230645643110e-01
2.794398524802705341e-01
3.354107855845555597e-01
3.945554123933485147e-01
4.561033354203070100e-01
5.192448936686618888e-01
5.831439060471683700e-01
6.469508332428915987e-01
7.098161504842157576e-01
7.709037203015521866e-01
8.294039543932413272e-01
8.845465570300197200e-01
9.356126490307999921e-01
9.819460811112081799e-01
1.022963758190381656e+00
1.058164811839260144e+00
1.087138476219056349e+00
1.109570543305302914e+00
1.125248295598325399e+00
1.134063838531918167e+00
1.136015780029658417e+00
1.131209230724732784e+00
1.119854124843236765e+00
1.102261888235009035e+00
1.078840506102498153e+00
1.050088068215810910e+00
1.016584893413019719e+00
9.789843575902775763e-01
9.380025698329683692e-01
8.944070595045983119e-01
8.490046527078597416e-01
8.026287293163445469e-01
7.561260615441030009e-01
7.103434416195902878e-01
6.661143094564596634e-01
6.242455912136360974e-01
5.855049563112317834e-01
5.506086938694912947e-01
5.202103997692545390e-01
4.948906527483709072e-01
4.751478423507687898e-01
4.613902933794279959e-01
4.539298110578023349e-01
4.529767486987756886e-01
4.586366756693192603e-01
4.709086982013525602e-01
4.896854595328795634e-01
5.147548193793786142e-01
5.458031862513277321e-01
5.824204500673222373e-01
6.241064372745663835e-01
6.702787866776190873e-01
7.202821217707918722e-01
7.733983749229190741e-01
8.288581005977408989e-01
8.858525991954274703e-01
9.435466603167119715e-01
1.001091724482392697e+00
1.057639255741615880e+00
1.112354114276438377e+00
1.164427718110186083e+00
1.213090786353013817e+00
1.257625463017427725e+00
1.297376630205249848e+00
1.331762232251548772e+00
1.360282448008792722e+00
1.382527566619944581e+00
1.398184442575913344e+00
1.407041428258244853e+00
1.408991706178849723e+00
1.404034968366236091e+00
1.392277416414141378e+00
1.373930082192557300e+00
1.349305495705234392e+00
1.318812752644187958e+00
1.282951059429389806e+00
1.242301857532742027e+00
1.197519651290914311e+00
1.149321683858302690e+00
1.098476624116836664e+00
1.045792442957100832e+00
9.921036701292716975e-01
9.382582326310979770e-01
8.851040821994956564e-01
8.334758227982381751e-01
7.841815489942151052e-01
7.379901027888409182e-01
6.956189498718379216e-01
6.577228664959039461e-01
6.248836153867317611e-01
5.976007735051144243e-01
5.762838563124095259e-01
5.612458627439441683e-01
5.526983426894694906e-01
5.507480647688646203e-01
5.553953369536215323e-01
5.665340065182128404e-01
5.839531393213506227e-01
6.073403519330474731e-01
6.362867440569670574e-01
6.702933534598775056e-01
7.087790316091148179e-01
7.510896158134889866e-01
7.965082532163760831e-01
8.442667138242773150e-01
8.935575141563920631e-01
9.435466603167140809e-01
9.933868095214327676e-01
1.042230642515084460e+00
1.089244235982986142e+00
1.133620224067493520e+00
1.174590541421522083e+00
1.211438546832120489e+00
1.243510336215608802e+00
1.270225066569832917e+00
1.291084128066823933e+00
1.305679019634614635e+00
1.313697803823647536e+00
1.314930039158702879e+00
1.309270112188159141e+00
1.296718916680097644e+00
1.277383853481162790e+00
1.251477151038213886e+00
1.219312533066875703e+00
1.181300285917541437e+00
1.137940803427045289e+00
1.089816711055134668e+00
1.037583693510337524e+00
9.819601705165263983e-01
9.237159835369338490e-01
8.636602718701081871e-01
8.026287293163469894e-01
7.414704423818591073e-01
6.810345175872594137e-01
6.221567087729060752e-01
5.656462552935807020e-01
5.122731386691209421e-01
4.627559586582610796e-01
4.177506199542161403e-01
3.778400079165085135e-01
3.435248161557955537e-01
3.152156706230024308e-01
2.932266744073678821e-01
2.777704750425392666e-01
2.689549321089467204e-01
2.667814376830126566e-01
2.711449161173264399e-01
2.818355031518198772e-01
2.985418778718820776e-01
3.208561949629268883e-01
3.482805394732513826e-01
3.802348022861219978e-01
4.160658520965451745e-01
4.550578592414911139e-01
4.964436085668780807e-01
5.394166229168927407e-01
5.831439060471724778e-01
6.267791039946690734e-01
6.694758773376524585e-01
7.104012734534176365e-01
7.487488878812595949e-01
7.837516072241761389e-01
8.146937326221210807e-01
8.409222925983309560e-01
8.618573668643125796e-01
8.770012582667937595e-01
8.859463682254163919e-01
8.883816514566345024e-01
8.840975481847542783e-01
8.729893160519690554e-01
8.550587091769030756e-01
8.304139778776163938e-01
7.992681890591126770e-01
7.619358937494883355e-01
7.188281943352939907e-01
6.704462892843461308e-01
6.173735971551351787e-01
5.602665840974565548e-01
4.998444394955751657e-01
4.368777625707037648e-01
3.721764383572974677e-01
3.065768942517287377e-01
2.409289381006052000e-01
1.760823853953573659e-01
1.128736864656197103e-01
5.211276456392850698e-02
-5.429727591641705757e-03
-5.903453184962750150e-02
-1.080450980335599248e-01
-1.518779083120677664e-01
-1.900316497139232785e-01
-2.220950901367152452e-01
-2.477535336445209069e-01
-2.667937532554276459e-01
-2.791073234306612472e-01
-2.846922997147473544e-01
-2.836532190425641309e-01
-2.761994207132354440e-01
-2.626417145149136934e-01
-2.433874485509247287e-01
-2.189340545554252226e-01
-1.898611724976227710e-01
-1.568214786790869120e-01
-1.205303619753784888e-01
-8.175461103866815682e-02
-4.130029087576844032e-02
-3.176455497200903359e-14
4.130029087570574048e-02
8.175461103860695578e-02
1.205303619753197164e-01
1.568214786790315396e-01
1.898611724975717008e-01
2.189340545553795092e-01
2.433874485508846219e-01
2.626417145148801091e-01
2.761994207132092427e-01
2.836532190425452571e-01
2.846922997147362522e-01
2.791073234306581385e-01
2.667937532554327529e-01
2.477535336445339798e-01
2.220950901367361452e-01
1.900316497139516447e-01
1.518779083121033768e-01
1.080450980336021410e-01
5.903453184967546313e-02
5.429727591694914063e-03
-5.211276456387094885e-02
-1.128736864655586480e-01
-1.760823853952937501e-01
-2.409289381005401132e-01
-3.065768942516629014e-01
-3.721764383572320756e-01
-4.368777625706392609e-01
-4.998444394955133818e-01
-5.602665840973978240e-01
-6.173735971550808888e-01
-6.704462892842969479e-01
-7.188281943352505809e-01
-7.619358937494514761e-01
-7.992681890590830340e-01
-8.304139778775941894e-01
-8.550587091768885317e-01
-8.729893160519622830e-01
-8.840975481847557216e-01
-8.883816514566438283e-01
-8.859463682254337114e-01
-8.770012582668188506e-01
-8.618573668643453312e-01
-8.409222925983701469e-01
-8.146937326221660447e-01
-7.837516072242269871e-01
-7.487488878813147730e-01
-7.104012734534767004e-01
-6.694758773377140759e-01
-6.267791039947324672e-01
-5.831439060472365377e-01
-5.394166229169564675e-01
-4.964436085669411414e-01
-4.550578592415516210e-01
-4.160658520966023510e-01
-3.802348022861747334e-01
-3.482805394732992887e-01
-3.208561949629688548e-01
-2.985418778719174937e-01
-2.818355031518481324e-01
-2.711449161173473121e-01
-2.667814376830255352e-01
-2.689549321089513834e-01
-2.777704750425357139e-01
-2.932266744073560583e-01
-3.152156706229826133e-01
-3.435248161557679092e-01
-3.778400079164734304e-01
-4.177506199541745069e-01
-4.627559586582133955e-01
-5.122731386690674293e-01
-5.656462552935227484e-01
-6.221567087728445689e-01
-6.810345175871954648e-01
-7.414704423817934931e-01
-8.026287293162810421e-01
-8.636602718700425729e-01
-9.237159835368702332e-01
-9.819601705164658911e-01
-1.037583693510281346e+00
-1.089816711055082932e+00
-1.137940803426998659e+00
-1.181300285917501025e+00
-1.219312533066842841e+00
-1.251477151038189461e+00
-1.277383853481146136e+00
-1.296718916680089873e+00
-1.309270112188160029e+00
-1.314930039158713093e+00
-1.313697803823666410e+00
-1.305679019634641946e+00
-1.291084128066859904e+00
-1.270225066569876216e+00
-1.243510336215659651e+00
-1.211438546832177776e+00
-1.174590541421585366e+00
-1.133620224067561022e+00
-1.089244235983057196e+00
-1.042230642515157957e+00
-9.933868095215085958e-01
-9.435466603167902422e-01
-8.935575141564675583e-01
-8.442667138243508118e-01
-7.965082532164466933e-01
-7.510896158135556000e-01
-7.087790316091764353e-01
-6.702933534599337939e-01
-6.362867440570165734e-01
-6.073403519330897726e-01
-5.839531393213849286e-01
-5.665340065182388196e-01
-5.553953369536386298e-01
-5.507480647688727249e-01
-5.526983426894687135e-01
-5.612458627439345094e-01
-5.762838563123908742e-01
-5.976007735050876679e-01
-6.248836153866969001e-01
-6.577228664958618687e-01
-6.956189498717892938e-01
-7.379901027887860732e-01
-7.841815489941553752e-01
-8.334758227981745593e-01
-8.851040821994294872e-01
-9.382582326310294762e-01
-9.921036701292021975e-01
-1.045792442957031554e+00
-1.098476624116768940e+00
-1.149321683858236742e+00
-1.197519651290852361e+00
-1.242301857532684073e+00
-1.282951059429336738e+00
-1.318812752644141328e+00
-1.349305495705193980e+00
-1.373930082192524438e+00
-1.392277416414116731e+00
-1.404034968366219216e+00
-1.408991706178841508e+00
-1.407041428258244853e+00
-1.398184442575921338e+00
-1.382527566619961013e+00
-1.360282448008817147e+00
-1.331762232251580746e+00
-1.297376630205288706e+00
-1.257625463017473022e+00
-1.213090786353064887e+00
-1.164427718110242038e+00
-1.112354114276498107e+00
-1.057639255741678275e+00
-1.001091724482457535e+00
-9.435466603167772526e-01
-8.858525991954926404e-01
-8.288581005978045146e-01
-7.733983749229802473e-01
-7.202821217708496038e-01
-6.702787866776721559e-01
-6.241064372746147892e-01
-5.824204500673640927e-01
-5.458031862513627042e-01
-5.147548193794060367e-01
-4.896854595328991033e-01
-4.709086982013637179e-01
-4.586366756693217028e-01
-4.529767486987691938e-01
-4.539298110577871803e-01
-4.613902933794041816e-01
-4.751478423507368154e-01
-4.948906527483307727e-01
-5.202103997692072435e-01
-5.506086938694374489e-01
-5.855049563111720534e-01
-6.242455912135719265e-01
-6.661143094563911626e-01
-7.103434416195193446e-01
-7.561260615440296151e-01
-8.026287293162708281e-01
-8.490046527077864669e-01
-8.944070595045268135e-01
-9.380025698328992023e-01
-9.789843575902121842e-01
-1.016584893412959101e+00
-1.050088068215755399e+00
-1.078840506102449748e+00
-1.102261888234967513e+00
-1.119854124843203236e+00
-1.131209230724707471e+00
-1.136015780029641542e+00
-1.134063838531909951e+00
-1.125248295598326287e+00
-1.109570543305312684e+00
-1.087138476219074779e+00
-1.058164811839286568e+00
-1.022963758190416295e+00
-9.819460811112493692e-01
-9.356126490308476207e-01
-8.845465570300727887e-01
-8.294039543932988368e-01
-7.709037203016132489e-01
-7.098161504842789293e-01
-6.469508332429568798e-01
-5.831439060472335401e-01
-5.192448936687262817e-01
-4.561033354203691825e-01
-3.945554123934082447e-01
-3.354107855846112929e-01
-2.794398524803210493e-01
-2.273616230646094138e-01
-1.798324064500801400e-01
-1.374354865458358166e-01
-1.006719495793684110e-01
-6.995280812369333856e-02
-4.559254583434251690e-02
-2.780418469536526105e-02
-1.669595256257119797e-02
-1.226960355458491490e-02
-1.442041777585018406e-02
-2.293888037162813975e-02
-3.751401343093656304e-02
-5.773830818695410011e-02
-8.311417972673282306e-02
-1.130618424111676928e-01
-1.469284818006860727e-01
-1.839985784354363774e-01
-2.235052206532862351e-01
-2.646422280312168973e-01
-3.065768942516515772e-01
-3.484631484265323098e-01
-3.894549273126249878e-01
-4.287195475256136978e-01
-4.654508668605613630e-01
-4.988820271521982597e-01
-5.282975777078690038e-01
-5.530447881146761668e-01
-5.725439720063946192e-01
-5.862976589734874011e-01
-5.938984699649932919e-01
-5.950355719777564723e-01
-5.894996102339470356e-01
-5.771860400587223161e-01
-5.580968059075567256e-01
-5.323403410591881491e-01
-5.001298879742352987e-01
-4.617801658036243539e-01
-4.177024375974016102e-01
-3.683980550021744849e-01
-3.144505822463315448e-01
-2.565166236176705805e-01
-1.953154990847480732e-01
-1.316179308787373825e-01
-6.623391945030070171e-02
-3.490297076791530085e-14
6.623391945023143768e-02
1.316179308786701585e-01
1.953154990846831529e-01
2.565166236176094627e-01
3.144505822462755340e-01
3.683980550021235811e-01
4.177024375973570347e-01
4.617801658035867174e-01
5.001298879742053227e-01
5.323403410591663887e-01
5.580968059075432919e-01
5.771860400587178752e-01
5.894996102339514765e-01
5.950355719777700170e-01
5.938984699650156074e-01
5.862976589735180433e-01
5.725439720064335880e-01
5.530447881147226852e-01
5.282975777079226276e-01
4.988820271522576011e-01
4.654508668606266997e-01
4.287195475256834754e-01
3.894549273126975408e-01
3.484631484266075829e-01
3.065768942517280715e-01
2.646422280312936692e-01
2.235052206533614527e-01
1.839985784355099296e-01
1.469284818007562110e-01
1.130618424112330017e-01
8.311417972679295552e-02
5.773830818700825818e-02
3.751401343098380997e-02
2.293888037166743471e-02
1.442041777588142469e-02
1.226960355460732059e-02
1.669595256258445126e-02
2.780418469536918499e-02
4.559254583433710456e-02
6.995280812367866974e-02
1.006719495793450131e-01
1.374354865458037867e-01
1.798324064500400887e-01
2.273616230645621183e-01
2.794398524802678696e-01
3.354107855845521180e-01
3.945554123933449064e-01
4.561033354203029577e-01
5.192448936686575589e-01
5.831439060471633740e-01
6.469508332428866026e-01
7.098161504842104286e-01
7.709037203015466355e-01
8.294039543932356651e-01
8.845465570300145020e-01
9.356126490307949961e-01
9.819460811112030729e-01
1.022963758190376993e+00
1.058164811839255481e+00
1.087138476219051908e+00
1.109570543305298695e+00
1.125248295598321180e+00
1.134063838531914170e+00
1.136015780029654643e+00
1.131209230724729231e+00
1.119854124843233212e+00
1.102261888235005705e+00
1.078840506102495489e+00
1.050088068215807580e+00
1.016584893413016388e+00
9.789843575902746897e-01
9.380025698329653716e-01
8.944070595045947591e-01
8.490046527078559668e-01
8.026287293163409942e-01
7.561260615440991151e-01
7.103434416195864021e-01
6.661143094564555556e-01
6.242455912136316565e-01
5.855049563112267874e-01
5.506086938694858546e-01
5.202103997692492099e-01
4.948906527483647455e-01
4.751478423507623505e-01
4.613902933794212236e-01
4.539298110577952849e-01
4.529767486987683056e-01
4.586366756693116553e-01
4.709086982013446776e-01
4.896854595328714588e-01
5.147548193793703986e-01
5.458031862513191834e-01
5.824204500673135776e-01
6.241064372745577238e-01
6.702787866776100945e-01
7.202821217707825463e-01
7.733983749229096372e-01
8.288581005977316840e-01
8.858525991954185885e-01
9.435466603167026456e-01
1.001091724482383594e+00
1.057639255741606998e+00
1.112354114276429717e+00
1.164427718110177423e+00
1.213090786353005379e+00
1.257625463017419509e+00
1.297376630205241632e+00
1.331762232251541000e+00
1.360282448008785172e+00
1.382527566619937254e+00
1.398184442575906683e+00
1.407041428258238858e+00
1.408991706178844394e+00
1.404034968366231428e+00
1.392277416414137381e+00
1.373930082192552860e+00
1.349305495705230840e+00
1.318812752644185515e+00
1.282951059429387586e+00
1.242301857532740472e+00
1.197519651290913423e+00
1.149321683858302245e+00
1.098476624116836442e+00
1.045792442957101054e+00
9.921036701292725857e-01
9.382582326310990872e-01
8.851040821994968777e-01
8.334758227982397294e-01
7.841815489942166595e-01
7.379901027888423615e-01
6.956189498718393649e-01
6.577228664959053894e-01
6.248836153867327603e-01
5.976007735051148684e-01
5.762838563124095259e-01
5.612458627439436132e-01
5.526983426894682694e-01
5.507480647688627329e-01
5.553953369536187568e-01
5.665340065182092877e-01
5.839531393213460708e-01
6.073403519330421441e-01
6.362867440569609512e-01
6.702933534598708443e-01
7.087790316091072684e-01
7.510896158134805489e-01
7.965082532163670903e-01
8.442667138242679892e-01
8.935575141563830703e-01
9.435466603167043109e-01
9.933868095214231086e-01
1.042230642515075356e+00
1.089244235982976594e+00
1.133620224067484639e+00
1.174590541421513423e+00
1.211438546832112273e+00
1.243510336215600809e+00
1.270225066569825811e+00
1.291084128066817494e+00
1.305679019634609084e+00
1.313697803823642873e+00
1.314930039158698660e+00
1.309270112188156032e+00
1.296718916680094980e+00
1.277383853481160791e+00
1.251477151038212554e+00
1.219312533066874149e+00
1.181300285917540327e+00
1.137940803427044623e+00
1.089816711055134224e+00
1.037583693510337524e+00
9.819601705165260652e-01
9.237159835369332939e-01
8.636602718701074100e-01
8.026287293163464343e-01
7.414704423818576640e-01
6.810345175872573042e-01
6.221567087729039658e-01
5.656462552935781485e-01
5.122731386691181665e-01
4.627559586582580264e-01
4.177506199542129761e-01
3.778400079165047942e-01
3.435248161557915014e-01
3.152156706229983230e-01
2.932266744073636078e-01
2.777704750425348257e-01
2.689549321089422795e-01
2.667814376830083267e-01
2.711449161173222766e-01
2.818355031518159359e-01
2.985418778718786359e-01
3.208561949629234467e-01
3.482805394732485516e-01
3.802348022861198329e-01
4.160658520965431761e-01
4.550578592414892820e-01
4.964436085668768039e-01
5.394166229168917415e-01
5.831439060471713676e-01
6.267791039946685183e-01
6.694758773376526806e-01
7.104012734534177476e-01
7.487488878812597060e-01
7.837516072241768050e-01
8.146937326221218578e-01
8.409222925983318442e-01
8.618573668643136898e-01
8.770012582667946477e-01
8.859463682254171690e-01
8.883816514566351685e-01
8.840975481847548334e-01
8.729893160519690554e-01
8.550587091769030756e-01
8.304139778776163938e-01
7.992681890591124549e-01
7.619358937494880024e-01
7.188281943352938796e-01
6.704462892843455757e-01
6.173735971551345125e-01
5.602665840974558886e-01
4.998444394955747216e-01
4.368777625707032097e-01
3.721764383572969681e-01
3.065768942517287932e-01
2.409289381006053665e-01
1.760823853953574492e-01
1.128736864656203903e-01
5.211276456392923556e-02
-5.429727591640963295e-03
-5.903453184962666189e-02
-1.080450980335587036e-01
-1.518779083120661288e-01
-1.900316497139213912e-01
-2.220950901367131358e-01
-2.477535336445185754e-01
-2.667937532554253144e-01
-2.791073234306586937e-01
-2.846922997147448009e-01
-2.836532190425615774e-01
-2.761994207132328905e-01
-2.626417145149111398e-01
-2.433874485509225638e-01
-2.189340545554231965e-01
-1.898611724976204118e-01
-1.568214786790851079e-01
-1.205303619753766570e-01
-8.175461103866635271e-02
-4.130029087576651825e-02
-3.005385100573702846e-14
4.130029087570735030e-02
8.175461103860884315e-02
1.205303619753212013e-01
1.568214786790334270e-01
1.898611724975740322e-01
2.189340545553824513e-01
2.433874485508877861e-01
2.626417145148836063e-01
2.761994207132131285e-01
2.836532190425498645e-01
2.846922997147413037e-01
2.791073234306639672e-01
2.667937532554393587e-01
2.477535336445413350e-01
2.220950901367442498e-01
1.900316497139604432e-01
1.518779083121125639e-01
1.080450980336120498e-01
5.903453184968584372e-02
5.429727591705459447e-03
-5.211276456385982581e-02
-1.128736864655475597e-01
-1.760823853952828144e-01
-2.409289381005294273e-01
-3.065768942516521878e-01
-3.721764383572213064e-01
-4.368777625706291579e-01
-4.998444394955035008e-01
-5.602665840973884981e-01
-6.173735971550723400e-01
-6.704462892842893984e-01
-7.188281943352436976e-01
-7.619358937494451478e-01
-7.992681890590773719e-01
-8.304139778775895264e-01
-8.550587091768846459e-01
-8.729893160519595074e-01
-8.840975481847535011e-01
-8.883816514566424960e-01
-8.859463682254328232e-01
-8.770012582668182954e-01
-8.618573668643448871e-01
-8.409222925983705910e-01
-8.146937326221669329e-01
-7.837516072242275422e-01
-7.487488878813161053e-01
-7.104012734534779216e-01
-6.694758773377149641e-01
-6.267791039947331333e-01
-5.831439060472375369e-01
-5.394166229169575777e-01
-4.964436085669418075e-01
-4.550578592415523427e-01
-4.160658520966030172e-01
-3.802348022861751775e-01
-3.482805394732991777e-01
-3.208561949629687993e-01
-2.985418778719172161e-01
-2.818355031518474663e-01
-2.711449161173463129e-01
-2.667814376830245360e-01
-2.689549321089501621e-01
-2.777704750425342151e-01
-2.932266744073543929e-01
-3.152156706229807259e-01
-3.435248161557658553e-01
-3.778400079164713765e-01
-4.177506199541718424e-01
-4.627559586582103979e-01
-5.122731386690644317e-01
-5.656462552935193067e-01
-6.221567087728407941e-01
-6.810345175871915790e-01
-7.414704423817894963e-01
-8.026287293162762682e-01
-8.636602718700376879e-01
-9.237159835368651262e-01
-9.819601705164606731e-01
-1.037583693510275351e+00
-1.089816711055077159e+00
-1.137940803426992886e+00
-1.181300285917494808e+00
-1.219312533066836846e+00
-1.251477151038182800e+00
-1.277383853481139919e+00
-1.296718916680082767e+00
-1.309270112188153590e+00
-1.314930039158705988e+00
-1.313697803823659971e+00
-1.305679019634635507e+00
-1.291084128066853687e+00
-1.270225066569870664e+00
-1.243510336215654322e+00
-1.211438546832172891e+00
-1.174590541421580259e+00
-1.133620224067556581e+00
-1.089244235983052977e+00
-1.042230642515154404e+00
-9.933868095215045990e-01
-9.435466603167872446e-01
-8.935575141564645607e-01
-8.442667138243475922e-01
-7.965082532164434737e-01
-7.510896158135530465e-01
-7.087790316091741039e-01
-6.702933534599311294e-01
-6.362867440570143529e-01
-6.073403519330868860e-01
-5.839531393213819310e-01
-5.665340065182356000e-01
-5.553953369536352991e-01
-5.507480647688691722e-01
-5.526983426894647167e-01
-5.612458627439302905e-01
-5.762838563123864333e-01
-5.976007735050830050e-01
-6.248836153866924592e-01
-6.577228664958568727e-01
-6.956189498717845199e-01
-7.379901027887816323e-01
-7.841815489941510453e-01
-8.334758227981702294e-01
-8.851040821994251573e-01
-9.382582326310260346e-01
-9.921036701291988669e-01
-1.045792442957029111e+00
-1.098476624116767608e+00
-1.149321683858237186e+00
-1.197519651290852138e+00
-1.242301857532684961e+00
-1.282951059429339180e+00
-1.318812752644144437e+00
-1.349305495705198643e+00
-1.373930082192529989e+00
-1.392277416414123836e+00
-1.404034968366227432e+00
-1.408991706178850389e+00
-1.407041428258255067e+00
-1.398184442575932662e+00
-1.382527566619973003e+00
-1.360282448008829803e+00
-1.331762232251593625e+00
-1.297376630205302250e+00
-1.257625463017486345e+00
-1.213090786353078210e+00
-1.164427718110254695e+00
-1.112354114276511430e+00
-1.057639255741691597e+00
-1.001091724482469525e+00
-9.435466603167892430e-01
-8.858525991955038537e-01
-8.288581005978147287e-01
-7.733983749229893512e-01
-7.202821217708580415e-01
-6.702787866776795944e-01
-6.241064372746207845e-01
-5.824204500673696439e-01
-5.458031862513672561e-01
-5.147548193794095894e-01
-4.896854595329016568e-01
-4.709086982013657163e-01
-4.586366756693229796e-01
-4.529767486987699709e-01
-4.539298110577875689e-01
-4.613902933794040706e-01
-4.751478423507363158e-01
-4.948906527483301621e-01
-5.202103997692062443e-01
-5.506086938694364497e-01
-5.855049563111712763e-01
-6.242455912135710383e-01
-6.661143094563901634e-01
-7.103434416195181234e-01
-7.561260615440287269e-01
-8.026287293162697178e-01
-8.490046527077854677e-01
-8.944070595045258143e-01
-9.380025698328987582e-01
-9.789843575902115180e-01
-1.016584893412958213e+00
-1.050088068215755177e+00
-1.078840506102449304e+00
-1.102261888234967069e+00
-1.119854124843202792e+00
-1.131209230724707471e+00
-1.136015780029641320e+00
-1.134063838531909951e+00
-1.125248295598326509e+00
-1.109570543305312906e+00
-1.087138476219075223e+00
-1.058164811839287456e+00
-1.022963758190417405e+00
-9.819460811112510346e-01
-9.356126490308496191e-01
-8.845465570300752312e-01
-8.294039543933015013e-01
-7.709037203016172457e-01
-7.098161504842833702e-01
-6.469508332429613207e-01
-5.831439060472388691e-01
-5.192448936687319438e-01
-4.561033354203755663e-01
-3.945554123934146284e-01
-3.354107855846183428e-01
-2.794398524803284323e-01
-2.273616230646166025e-01
-1.798324064500874397e-01
-1.374354865458433661e-01
-1.006719495793760299e-01
-6.995280812370063828e-02
-4.559254583434963620e-02
-2.780418469537193973e-02
-1.669595256257737706e-02
-1.226960355459051633e-02
-1.442041777585490077e-02
-2.293888037163205329e-02
-3.751401343093999780e-02
-5.773830818695650097e-02
-8.311417972673432186e-02
-1.130618424111683035e-01
-1.469284818006863780e-01
-1.839985784354355169e-01
-2.235052206532849028e-01
-2.646422280312155650e-01
-3.065768942516492457e-01
-3.484631484265292567e-01
-3.894549273126214350e-01
-4.287195475256103672e-01
-4.654508668605574218e-01
-4.988820271521940963e-01
-5.282975777078654511e-01
-5.530447881146725031e-01
-5.725439720063910665e-01
-5.862976589734840704e-01
-5.938984699649905163e-01
-5.950355719777539187e-01
-5.894996102339449262e-01
-5.771860400587206508e-01
-5.580968059075553933e-01
-5.323403410591873719e-01
-5.001298879742349657e-01
-4.617801658036242429e-01
-4.177024375974021098e-01
-3.683980550021752620e-01
-3.144505822463327105e-01
-2.565166236176714687e-01
-1.953154990847493777e-01
-1.316179308787384372e-01
-6.623391945030124295e-02
-3.580935854214526584e-14
6.623391945023053562e-02
1.316179308786693813e-01
1.953154990846830419e-01
2.565166236176092962e-01
3.144505822462758671e-01
3.683980550021245248e-01
4.177024375973583115e-01
4.617801658035881607e-01
5.001298879742073211e-01
5.323403410591686091e-01
5.580968059075459564e-01
5.771860400587206508e-01
5.894996102339543631e-01
5.950355719777727925e-01
5.938984699650184940e-01
5.862976589735209298e-01
5.725439720064356974e-01
5.530447881147251277e-01
5.282975777079249591e-01
4.988820271522599326e-01
4.654508668606283095e-01
4.287195475256852517e-01
3.894549273126989286e-01
3.484631484266082491e-01
3.065768942517285156e-01
2.646422280312940578e-01
2.235052206533616193e-01
1.839985784355091802e-01
1.469284818007555171e-01
1.130618424112321552e-01
8.311417972679191468e-02
5.773830818700687734e-02
3.751401343098256791e-02
2.293888037166591856e-02
1.442041777587959629e-02
1.226960355460558587e-02
1.669595256258270266e-02
2.780418469536737394e-02
4.559254583433525188e-02
6.995280812367669909e-02
1.006719495793430286e-01
1.374354865458019270e-01
1.798324064500379238e-01
2.273616230645597036e-01
2.794398524802650385e-01
3.354107855845494535e-01
3.945554123933415203e-01
4.561033354202994050e-01
5.192448936686537841e-01
5.831439060471598212e-01
6.469508332428827169e-01
7.098161504842063207e-01
7.709037203015429718e-01
8.294039543932314462e-01
8.845465570300102831e-01
9.356126490307907773e-01
9.819460811111992982e-01
1.022963758190372996e+00
1.058164811839252151e+00
1.087138476219049021e+00
1.109570543305296253e+00
1.125248295598320070e+00
1.134063838531913282e+00
1.136015780029654643e+00
1.131209230724730341e+00
1.119854124843235432e+00
1.102261888235008813e+00
1.078840506102499708e+00
1.050088068215813131e+00
1.016584893413023272e+00
9.789843575902821282e-01
9.380025698329742534e-01
8.944070595046046401e-01
8.490046527078668470e-01
8.026287293163524295e-01
7.561260615441114386e-01
7.103434416195991696e-01
6.661143094564684342e-01
6.242455912136455343e-01
5.855049563112408872e-01
5.506086938695002875e-01
5.202103997692631987e-01
4.948906527483792339e-01
4.751478423507764504e-01
4.613902933794348793e-01
4.539298110578085521e-01
4.529767486987810177e-01
4.586366756693238123e-01
4.709086982013562794e-01
4.896854595328823945e-01
5.147548193793807236e-01
5.458031862513289534e-01
5.824204500673229035e-01
6.241064372745666056e-01
6.702787866776184211e-01
7.202821217707912060e-01
7.733983749229178528e-01
8.288581005977395666e-01
8.858525991954262491e-01
9.435466603167101951e-01
1.001091724482390921e+00
1.057639255741614548e+00
1.112354114276437489e+00
1.164427718110184973e+00
1.213090786353013373e+00
1.257625463017427281e+00
1.297376630205249848e+00
1.331762232251548994e+00
1.360282448008793388e+00
1.382527566619945913e+00
1.398184442575914899e+00
1.407041428258247073e+00
1.408991706178851944e+00
1.404034968366238978e+00
1.392277416414144264e+00
1.373930082192559521e+00
1.349305495705236835e+00
1.318812752644190622e+00
1.282951059429391805e+00
1.242301857532743581e+00
1.197519651290915421e+00
1.149321683858303578e+00
1.098476624116837552e+00
1.045792442957100832e+00
9.921036701292711424e-01
9.382582326310973109e-01
8.851040821994943242e-01
8.334758227982357326e-01
7.841815489942126627e-01
7.379901027888375875e-01
6.956189498718339248e-01
6.577228664958992832e-01
6.248836153867265431e-01
5.976007735051084291e-01
5.762838563124030866e-01
5.612458627439373959e-01
5.526983426894622742e-01
5.507480647688571818e-01
5.553953369536137608e-01
5.665340065182047358e-01
5.839531393213422961e-01
6.073403519330390354e-01
6.362867440569585087e-01
6.702933534598684018e-01
7.087790316091057141e-01
7.510896158134801048e-01
7.965082532163665352e-01
8.442667138242676561e-01
8.935575141563828483e-01
9.435466603167053101e-01
9.933868095214238858e-01
1.042230642515075800e+00
1.089244235982977482e+00
1.133620224067484861e+00
1.174590541421513645e+00
1.211438546832112273e+00
1.243510336215601031e+00
1.270225066569824923e+00
1.291084128066816161e+00
1.305679019634606863e+00
1.313697803823640431e+00
1.314930039158695552e+00
1.309270112188152480e+00
1.296718916680090983e+00
1.277383853481156128e+00
1.251477151038207891e+00
1.219312533066869708e+00
1.181300285917535220e+00
1.137940803427039738e+00
1.089816711055129117e+00
1.037583693510332195e+00
9.819601705165214023e-01
9.237159835369282979e-01
8.636602718701025250e-01
8.026287293163415493e-01
7.414704423818534451e-01
6.810345175872535295e-01
6.221567087728998580e-01
5.656462552935748178e-01
5.122731386691146138e-01
4.627559586582544182e-01
4.177506199542089238e-01
3.778400079165010750e-01
3.435248161557877267e-01
3.152156706229941596e-01
2.932266744073590004e-01
2.777704750425297742e-01
2.689549321089368394e-01
2.667814376830022760e-01
2.711449161173152267e-01
2.818355031518081644e-01
2.985418778718699762e-01
3.208561949629144538e-01
3.482805394732385595e-01
3.802348022861091192e-01
4.160658520965323515e-01
4.550578592414775136e-01
4.964436085668647025e-01
5.394166229168794180e-01
5.831439060471594882e-01
6.267791039946558618e-01
6.694758773376396910e-01
7.104012734534054241e-01
7.487488878812473825e-01
7.837516072241649256e-01
8.146937326221104225e-01
8.409222925983212971e-01
8.618573668643034758e-01
8.770012582667853218e-01
8.859463682254087313e-01
8.883816514566273970e-01
8.840975481847480610e-01
8.729893160519633932e-01
8.550587091768980796e-01
8.304139778776123970e-01
7.992681890591091243e-01
7.619358937494853379e-01
7.188281943352915482e-01
6.704462892843441324e-01
6.173735971551336243e-01
5.602665840974552225e-01
4.998444394955750547e-01
4.368777625707035428e-01
3.721764383572974122e-01
3.065768942517290152e-01
2.409289381006060327e-01
1.760823853953583373e-01
1.128736864656209038e-01
5.211276456392986700e-02
-5.429727591640442878e-03
-5.903453184962630107e-02
-1.080450980335588423e-01
-1.518779083120662676e-01
-1.900316497139218630e-01
-2.220950901367139407e-01
-2.477535336445196579e-01
-2.667937532554264801e-01
-2.791073234306601925e-01
-2.846922997147464662e-01
-2.836532190425636313e-01
-2.761994207132352219e-01
-2.626417145149135823e-01
-2.433874485509249230e-01
-2.189340545554262496e-01
-1.898611724976239090e-01
-1.568214786790884108e-01
-1.205303619753807093e-01
-8.175461103867059931e-02
-4.130029087577094526e-02
-3.433930916946043020e-14
4.130029087570214613e-02
8.175461103860343082e-02
1.205303619753162747e-01
1.568214786790282367e-01
1.898611724975683701e-01
2.189340545553765671e-01
2.433874485508821517e-01
2.626417145148776666e-01
2.761994207132072443e-01
2.836532190425440358e-01
2.846922997147359191e-01
2.791073234306585826e-01
2.667937532554341407e-01
2.477535336445363945e-01
2.220950901367397812e-01
1.900316497139564187e-01
1.518779083121090945e-01
1.080450980336089689e-01
5.903453184968381756e-02
5.429727591704110699e-03
-5.211276456386092215e-02
-1.128736864655479483e-01
-1.760823853952824536e-01
-2.409289381005284003e-01
-3.065768942516510775e-01
-3.721764383572193635e-01
-4.368777625706269929e-01
-4.998444394955013359e-01
-5.602665840973860556e-01
-6.173735971550694535e-01
-6.704462892842859567e-01
-7.188281943352407000e-01
-7.619358937494420392e-01
-7.992681890590745963e-01
-8.304139778775869729e-01
-8.550587091768825365e-01
-8.729893160519577311e-01
-8.840975481847521689e-01
-8.883816514566416078e-01
-8.859463682254328232e-01
-8.770012582668187395e-01
-8.618573668643457752e-01
-8.409222925983715902e-01
-8.146937326221684872e-01
-7.837516072242296516e-01
-7.487488878813176596e-01
-7.104012734534800311e-01
-6.694758773377172956e-01
-6.267791039947352427e-01
-5.831439060472389802e-01
-5.394166229169593541e-01
-4.964436085669425847e-01
-4.550578592415521206e-01
-4.160658520966019625e-01
-3.802348022861737342e-01
-3.482805394732967352e-01
-3.208561949629649690e-01
-2.985418778719124977e-01
-2.818355031518415821e-01
-2.711449161173389855e-01
-2.667814376830157652e-01
-2.689549321089403366e-01
-2.777704750425230573e-01
-2.932266744073422360e-01
-3.152156706229675143e-01
-3.435248161557517554e-01
-3.778400079164563885e-01
-4.177506199541566323e-01
-4.627559586581945772e-01
-5.122731386690485555e-01
-5.656462552935034305e-01
-6.221567087728252510e-01
-6.810345175871757029e-01
-7.414704423817739531e-01
-8.026287293162618353e-01
-8.636602718700234771e-01
-9.237159835368514704e-01
-9.819601705164479055e-01
-1.037583693510264027e+00
-1.089816711055066278e+00
-1.137940803426983116e+00
-1.181300285917486592e+00
-1.219312533066829074e+00
-1.251477151038176139e+00
-1.277383853481134590e+00
-1.296718916680078104e+00
-1.309270112188150037e+00
-1.314930039158703101e+00
-1.313697803823657528e+00
-1.305679019634633953e+00
-1.291084128066852355e+00
-1.270225066569869332e+00
-1.243510336215653656e+00
-1.211438546832172891e+00
-1.174590541421580037e+00
-1.133620224067555915e+00
-1.089244235983052755e+00
-1.042230642515154626e+00
-9.933868095215044880e-01
-9.435466603167865784e-01
-8.935575141564645607e-01
-8.442667138243474811e-01
-7.965082532164432516e-01
-7.510896158135520473e-01
-7.087790316091734377e-01
-6.702933534599302412e-01
-6.362867440570130206e-01
-6.073403519330859979e-01
-5.839531393213811539e-01
-5.665340065182344897e-01
-5.553953369536341889e-01
-5.507480647688680619e-01
-5.526983426894637175e-01
-5.612458627439290693e-01
-5.762838563123853231e-01
-5.976007735050814507e-01
-6.248836153866906828e-01
-6.577228664958553184e-01
-6.956189498717820774e-01
-7.379901027887790788e-01
-7.841815489941482697e-01
-8.334758227981672318e-01
-8.851040821994212715e-01
-9.382582326310215937e-01
-9.921036701291947590e-01
-1.045792442957024004e+00
-1.098476624116761835e+00
-1.149321683858231191e+00
-1.197519651290846365e+00
-1.242301857532678522e+00
-1.282951059429332741e+00
-1.318812752644137776e+00
-1.349305495705192204e+00
-1.373930082192523106e+00
-1.392277416414116731e+00
-1.404034968366220992e+00
-1.408991706178844172e+00
-1.407041428258248850e+00
-1.398184442575926667e+00
-1.382527566619967896e+00
-1.360282448008824918e+00
-1.331762232251589850e+00
-1.297376630205298920e+00
-1.257625463017484124e+00
-1.213090786353076433e+00
-1.164427718110254251e+00
-1.112354114276510764e+00
-1.057639255741692041e+00
-1.001091724482470413e+00
-9.435466603167900201e-01
-8.858525991955052969e-01
-8.288581005978168381e-01
-7.733983749229919047e-01
-7.202821217708608170e-01
-6.702787866776828141e-01
-6.241064372746241151e-01
-5.824204500673724194e-01
-5.458031862513699206e-01
-5.147548193794119209e-01
-4.896854595329040993e-01
-4.709086982013676592e-01
-4.586366756693247004e-01
-4.529767486987713587e-01
-4.539298110577883461e-01
-4.613902933794045702e-01
-4.751478423507362603e-01
-4.948906527483298290e-01
-5.202103997692059112e-01
-5.506086938694353394e-01
-5.855049563111698330e-01
-6.242455912135694840e-01
-6.661143094563889422e-01
-7.103434416195162360e-01
-7.561260615440275057e-01
-8.026287293162691627e-01
-8.490046527077842464e-01
-8.944070595045248151e-01
-9.380025698328980921e-01
-9.789843575902115180e-01
-1.016584893412958435e+00
-1.050088068215755843e+00
-1.078840506102450636e+00
-1.102261888234969289e+00
-1.119854124843205012e+00
-1.131209230724710357e+00
-1.136015780029645095e+00
-1.134063838531914170e+00
-1.125248295598330728e+00
-1.109570543305317569e+00
-1.087138476219079664e+00
-1.058164811839292119e+00
-1.022963758190422068e+00
-9.819460811112553644e-01
-9.356126490308541710e-01
-8.845465570300798941e-01
-8.294039543933061642e-01
-7.709037203016210205e-01
-7.098161504842874781e-01
-6.469508332429649844e-01
-5.831439060472420888e-01
-5.192448936687349414e-01
-4.561033354203784529e-01
-3.945554123934171264e-01
-3.354107855846200081e-01
-2.794398524803299866e-01
-2.273616230646178793e-01
-1.798324064500885500e-01
-1.374354865458441710e-01
-1.006719495793767932e-01
-6.995280812370113788e-02
-4.559254583434989988e-02
-2.780418469537216525e-02
-1.669595256257750196e-02
-1.226960355459052326e-02
-1.442041777585500485e-02
-2.293888037163185553e-02
-3.751401343093975493e-02
-5.773830818695644546e-02
-8.311417972673373900e-02
-1.130618424111674014e-01
-1.469284818006851290e-01
-1.839985784354344067e-01
-2.235052206532829322e-01
-2.646422280312132336e-01
-3.065768942516468587e-01
-3.484631484265267587e-01
-3.894549273126186595e-01
-4.287195475256074251e-01
-4.654508668605545907e-01
-4.988820271521908767e-01
-5.282975777078618984e-01
-5.530447881146689504e-01
-5.725439720063875138e-01
-5.862976589734805177e-01
-5.938984699649871857e-01
-5.950355719777513652e-01
-5.894996102339424837e-01
-5.771860400587188744e-01
-5.580968059075542831e-01
-5.323403410591871499e-01
-5.001298879742356318e-01
-4.617801658036259638e-01
-4.177024375974046078e-01
-3.683980550021792588e-01
-3.144505822463378730e-01
-2.565166236176776304e-01
-1.953154990847561501e-01
-1.316179308787465696e-01
-6.623391945031037453e-02
-4.536018143385350580e-14
6.623391945022040483e-02
1.316179308786581681e-01
1.953154990846715788e-01
2.565166236175979164e-01
3.144505822462638212e-01
3.683980550021123679e-01
4.177024375973462100e-01
4.617801658035765588e-01
5.001298879741959968e-01
5.323403410591580620e-01
5.580968059075361865e-01
5.771860400587117690e-01
5.894996102339464805e-01
5.950355719777661312e-01
5.938984699650128318e-01
5.862976589735164890e-01
5.725439720064323668e-01
5.530447881147227962e-01
5.282975777079232937e-01
4.988820271522592109e-01
4.654508668606281985e-01
4.287195475256853072e-01
3.894549273126997058e-01
3.484631484266096368e-01
3.065768942517302365e-01
2.646422280312956676e-01
2.235052206533635899e-01
1.839985784355107346e-01
1.469284818007563498e-01
1.130618424112329323e-01
8.311417972679227550e-02
5.773830818700676631e-02
3.751401343098156177e-02
2.293888037166464181e-02
1.442041777587764646e-02
1.226960355460295429e-02
1.669595256257963567e-02
2.780418469536385592e-02
4.559254583433135222e-02
6.995280812367268841e-02
1.006719495793387542e-01
1.374354865457975694e-01
1.798324064500339270e-01
2.273616230645560954e-01
2.794398524802619299e-01
3.354107855845470110e-01
3.945554123933402435e-01
4.561033354202983503e-01
5.192448936686534511e-01
5.831439060471602653e-01
6.469508332428841602e-01
7.098161504842084302e-01
7.709037203015460804e-01
8.294039543932357761e-01
8.845465570300149460e-01
9.356126490307962174e-01
9.819460811112055154e-01
1.022963758190380323e+00
1.058164811839259256e+00
1.087138476219056571e+00
1.109570543305304247e+00
1.125248295598327397e+00
1.134063838531920609e+00
1.136015780029661970e+00
1.131209230724736781e+00
1.119854124843241205e+00
1.102261888235013920e+00
1.078840506102503927e+00
1.050088068215816461e+00
1.016584893413026158e+00
9.789843575902839046e-01
9.380025698329746975e-01
8.944070595046048622e-01
8.490046527078665139e-01
8.026287293163510972e-01
7.561260615441089961e-01
7.103434416195963941e-01
6.661143094564652145e-01
6.242455912136413154e-01
5.855049563112367794e-01
5.506086938694957356e-01
5.202103997692583137e-01
4.948906527483739604e-01
4.751478423507714544e-01
4.613902933794300498e-01
4.539298110578037782e-01
4.529767486987765768e-01
4.586366756693195934e-01
4.709086982013523381e-01
4.896854595328787862e-01
5.147548193793771709e-01
5.458031862513258448e-01
5.824204500673197948e-01
6.241064372745638300e-01
6.702787866776153125e-01
7.202821217707883195e-01
7.733983749229151883e-01
8.288581005977365690e-01
8.858525991954231404e-01
9.435466603167074195e-01
1.001091724482388701e+00
1.057639255741611439e+00
1.112354114276434380e+00
1.164427718110182086e+00
1.213090786353009598e+00
1.257625463017423950e+00
1.297376630205246739e+00
1.331762232251546552e+00
1.360282448008790723e+00
1.382527566619943249e+00
1.398184442575912678e+00
1.407041428258244853e+00
1.408991706178850611e+00
1.404034968366237868e+00
1.392277416414143820e+00
1.373930082192560187e+00
1.349305495705237945e+00
1.318812752644192621e+00
1.282951059429394469e+00
1.242301857532747356e+00
1.197519651290920084e+00
1.149321683858308685e+00
1.098476624116843325e+00
1.045792442957107049e+00
9.921036701292778037e-01
9.382582326311037502e-01
8.851040821995017627e-01
8.334758227982438372e-01
7.841815489942204342e-01
7.379901027888460252e-01
6.956189498718423625e-01
6.577228664959073878e-01
6.248836153867342036e-01
5.976007735051162006e-01
5.762838563124104141e-01
5.612458627439442793e-01
5.526983426894687135e-01
5.507480647688630659e-01
5.553953369536190898e-01
5.665340065182098428e-01
5.839531393213467370e-01
6.073403519330429212e-01
6.362867440569620614e-01
6.702933534598721765e-01
7.087790316091089338e-01
7.510896158134826583e-01
7.965082532163693108e-01
8.442667138242702096e-01
8.935575141563854018e-01
9.435466603167077526e-01
9.933868095214268834e-01
1.042230642515078465e+00
1.089244235982980147e+00
1.133620224067487747e+00
1.174590541421516754e+00
1.211438546832115826e+00
1.243510336215604584e+00
1.270225066569828920e+00
1.291084128066820602e+00
1.305679019634611526e+00
1.313697803823645316e+00
1.314930039158700659e+00
1.309270112188157364e+00
1.296718916680096312e+00
1.277383853481161902e+00
1.251477151038213664e+00
1.219312533066875481e+00
1.181300285917540771e+00
1.137940803427045067e+00
1.089816711055135112e+00
1.037583693510337968e+00
9.819601705165268424e-01
9.237159835369344041e-01
8.636602718701084092e-01
8.026287293163471004e-01
7.414704423818587742e-01
6.810345175872594137e-01
6.221567087729055201e-01
5.656462552935799248e-01
5.122731386691198319e-01
4.627559586582595808e-01
4.177506199542141418e-01
3.778400079165057934e-01
3.435248161557925561e-01
3.152156706229987670e-01
2.932266744073634412e-01
2.777704750425340485e-01
2.689549321089407252e-01
2.667814376830058287e-01
2.711449161173187794e-01
2.818355031518111065e-01
2.985418778718725852e-01
3.208561949629166188e-01
3.482805394732405024e-01
3.802348022861101184e-01
4.160658520965325180e-01
4.550578592414777912e-01
4.964436085668644250e-01
5.394166229168786408e-01
5.831439060471581559e-01
6.267791039946546405e-01
6.694758773376375816e-01
7.104012734534032036e-01
7.487488878812453841e-01
7.837516072241625942e-01
8.146937326221076470e-01
8.409222925983184105e-01
8.618573668643007002e-01
8.770012582667823242e-01
8.859463682254065109e-01
8.883816514566255096e-01
8.840975481847463957e-01
8.729893160519622830e-01
8.550587091768975245e-01
8.304139778776122860e-01
7.992681890591095684e-01
7.619358937494863371e-01
7.188281943352931025e-01
6.704462892843459088e-01
6.173735971551360668e-01
5.602665840974579980e-01
4.998444394955774972e-01
4.368777625707062628e-01
3.721764383573004098e-01
3.065768942517320683e-01
2.409289381006083919e-01
1.760823853953607798e-01
1.128736864656225553e-01
5.211276456393064416e-02
-5.429727591640470634e-03
-5.903453184962684230e-02
-1.080450980335602856e-01
-1.518779083120690709e-01
-1.900316497139256655e-01
-2.220950901367191033e-01
-2.477535336445261249e-01
-2.667937532554343072e-01
-2.791073234306693518e-01
-2.846922997147569578e-01
-2.836532190425751221e-01
-2.761994207132479895e-01
-2.626417145149273491e-01
-2.433874485509394947e-01
-2.189340545554410711e-01
-1.898611724976395632e-01
-1.568214786791042592e-01
-1.205303619753960997e-01
-8.175461103868587875e-02
-4.130029087578664798e-02
-4.982389026464904079e-14
4.130029087568769935e-02
8.175461103858917833e-02
1.205303619753029382e-01
1.568214786790159965e-01
1.898611724975574622e-01
2.189340545553663531e-01
2.433874485508732421e-01
2.626417145148703391e-01
2.761994207132009715e-01
2.836532190425389843e-01
2.846922997147319223e-01
2.791073234306558071e-01
2.667937532554323643e-01
2.477535336445356728e-01
2.220950901367397812e-01
1.900316497139570848e-01
1.518779083121105100e-01
1.080450980336110228e-01
5.903453184968598250e-02
5.429727591706905339e-03
-5.211276456385809802e-02
-1.128736864655451450e-01
-1.760823853952798446e-01
-2.409289381005254027e-01
-3.065768942516480799e-01
-3.721764383572169210e-01
-4.368777625706242729e-01
-4.998444394954988934e-01
-5.602665840973838352e-01
-6.173735971550677881e-01
-6.704462892842845134e-01
-7.188281943352395897e-01
-7.619358937494413730e-01
-7.992681890590739302e-01
-8.304139778775867509e-01
-8.550587091768824255e-01
-8.729893160519578421e-01
-8.840975481847527240e-01
-8.883816514566421629e-01
-8.859463682254333783e-01
-8.770012582668195167e-01
-8.618573668643468855e-01
-8.409222925983731445e-01
-8.146937326221700415e-01
-7.837516072242316501e-01
-7.487488878813201021e-01
-7.104012734534825846e-01
-6.694758773377200711e-01
-6.267791039947389065e-01
-5.831439060472430880e-01
-5.394166229169626847e-01
-4.964436085669468035e-01
-4.550578592415567281e-01
-4.160658520966067919e-01
-3.802348022861783972e-01
-3.482805394733020643e-01
-3.208561949629703536e-01
-2.985418778719177157e-01
-2.818355031518471332e-01
-2.711449161173447586e-01
-2.667814376830215939e-01
-2.689549321089459988e-01
-2.777704750425287195e-01
-2.932266744073476206e-01
-3.152156706229726768e-01
-3.435248161557566959e-01
-3.778400079164608294e-01
-4.177506199541605736e-01
-4.627559586581984630e-01
-5.122731386690518862e-01
-5.656462552935063171e-01
-6.221567087728278045e-01
-6.810345175871783674e-01
-7.414704423817758405e-01
-8.026287293162635006e-01
-8.636602718700253645e-01
-9.237159835368530247e-01
-9.819601705164491268e-01
-1.037583693510264693e+00
-1.089816711055067389e+00
-1.137940803426984226e+00
-1.181300285917487702e+00
-1.219312533066830628e+00
-1.251477151038178137e+00
-1.277383853481135922e+00
-1.296718916680080103e+00
-1.309270112188152035e+00
-1.314930039158705322e+00
-1.313697803823660193e+00
-1.305679019634636839e+00
-1.291084128066855463e+00
-1.270225066569873107e+00
-1.243510336215656986e+00
-1.211438546832175778e+00
-1.174590541421583589e+00
-1.133620224067559468e+00
-1.089244235983055864e+00
-1.042230642515156847e+00
-9.933868095215073746e-01
-9.435466603167887989e-01
-8.935575141564654489e-01
-8.442667138243485914e-01
-7.965082532164440288e-01
-7.510896158135524914e-01
-7.087790316091727716e-01
-6.702933534599292420e-01
-6.362867440570111333e-01
-6.073403519330833333e-01
-5.839531393213777122e-01
-5.665340065182304929e-01
-5.553953369536297480e-01
-5.507480647688628439e-01
-5.526983426894579443e-01
-5.612458627439230741e-01
-5.762838563123789948e-01
-5.976007735050751224e-01
-6.248836153866840215e-01
-6.577228664958486570e-01
-6.956189498717759712e-01
-7.379901027887727505e-01
-7.841815489941418305e-01
-8.334758227981610146e-01
-8.851040821994158314e-01
-9.382582326310159315e-01
-9.921036701291895410e-01
-1.045792442957019786e+00
-1.098476624116757172e+00
-1.149321683858226528e+00
-1.197519651290842368e+00
-1.242301857532675191e+00
-1.282951059429329188e+00
-1.318812752644134667e+00
-1.349305495705188873e+00
-1.373930082192519775e+00
-1.392277416414113400e+00
-1.404034968366216996e+00
-1.408991706178840175e+00
-1.407041428258244631e+00
-1.398184442575922226e+00
-1.382527566619962567e+00
-1.360282448008819367e+00
-1.331762232251583855e+00
-1.297376630205292702e+00
-1.257625463017477019e+00
-1.213090786353069550e+00
-1.164427718110247145e+00
-1.112354114276503658e+00
-1.057639255741684270e+00
-1.001091724482463308e+00
-9.435466603167828037e-01
-8.858525991954983025e-01
-8.288581005978098437e-01
-7.733983749229851323e-01
-7.202821217708541557e-01
-6.702787866776763748e-01
-6.241064372746182309e-01
-5.824204500673670903e-01
-5.458031862513650356e-01
-5.147548193794074800e-01
-4.896854595329001025e-01
-4.709086982013638845e-01
-4.586366756693210922e-01
-4.529767486987678060e-01
-4.539298110577847933e-01
-4.613902933794009065e-01
-4.751478423507325966e-01
-4.948906527483255546e-01
-5.202103997692012483e-01
-5.506086938694306765e-01
-5.855049563111640598e-01
-6.242455912135627116e-01
-6.661143094563815037e-01
-7.103434416195087975e-01
-7.561260615440187349e-01
-8.026287293162595038e-01
-8.490046527077742544e-01
-8.944070595045142680e-01
-9.380025698328872119e-01
-9.789843575901998607e-01
-1.016584893412947110e+00
-1.050088068215743853e+00
-1.078840506102438201e+00
-1.102261888234956411e+00
-1.119854124843192578e+00
-1.131209230724697923e+00
-1.136015780029633326e+00
-1.134063838531903068e+00
-1.125248295598320514e+00
-1.109570543305308243e+00
-1.087138476219071670e+00
-1.058164811839285013e+00
-1.022963758190416073e+00
-9.819460811112503684e-01
-9.356126490308500632e-01
-8.845465570300765634e-01
-8.294039543933034997e-01
-7.709037203016191331e-01
-7.098161504842857017e-01
-6.469508332429642072e-01
-5.831439060472419778e-01
-5.192448936687350525e-01
-4.561033354203787304e-01
-3.945554123934177926e-01
-3.354107855846203967e-01
-2.794398524803298201e-01
-2.273616230646177683e-01
-1.798324064500881059e-01
-1.374354865458432551e-01
-1.006719495793751695e-01
-6.995280812369918111e-02
-4.559254583434736025e-02
-2.780418469536909132e-02
-1.669595256257390067e-02
-1.226960355458649177e-02
-1.442041777585062121e-02
-2.293888037162745974e-02
-3.751401343093495322e-02
-5.773830818695148415e-02
-8.311417972672924259e-02
-1.130618424111632520e-01
-1.469284818006814097e-01
-1.839985784354313814e-01
-2.235052206532811558e-01
-2.646422280312117348e-01
-3.065768942516460260e-01
-3.484631484265267587e-01
-3.894549273126196032e-01
-4.287195475256089794e-01
-4.654508668605574218e-01
-4.988820271521948735e-01
-5.282975777078665613e-01
-5.530447881146746125e-01
-5.725439720063939530e-01
-5.862976589734880672e-01
-5.938984699649951793e-01
-5.950355719777594699e-01
-5.894996102339510324e-01
-5.771860400587275342e-01
-5.580968059075628318e-01
-5.323403410591953655e-01
-5.001298879742432923e-01
-4.617801658036332357e-01
-4.177024375974113246e-01
-3.683980550021849210e-01
-3.144505822463428135e-01
-2.565166236176820713e-01
-1.953154990847596195e-01
-1.316179308787488733e-01
-6.623391945031222028e-02
-4.654878703358144760e-14
6.623391945022007177e-02
1.316179308786592228e-01
1.953154990846730221e-01
2.565166236175999148e-01
3.144505822462667077e-01
3.683980550021153655e-01
4.177024375973497072e-01
4.617801658035804446e-01
5.001298879742001047e-01
5.323403410591621698e-01
5.580968059075400722e-01
5.771860400587155437e-01
5.894996102339502553e-01
5.950355719777695729e-01
5.938984699650158294e-01
5.862976589735191535e-01
5.725439720064351423e-01
5.530447881147250166e-01
5.282975777079257362e-01
4.988820271522611538e-01
4.654508668606304744e-01
4.287195475256873611e-01
3.894549273127014266e-01
3.484631484266117463e-01
3.065768942517321793e-01
2.646422280312974995e-01
2.235052206533649777e-01
1.839985784355128162e-01
1.469284818007586813e-01
1.130618424112350001e-01
8.311417972679488453e-02
5.773830818700936146e-02
3.751401343098409447e-02
2.293888037166690042e-02
1.442041777588017049e-02
1.226960355460541240e-02
1.669595256258184571e-02
2.780418469536583698e-02
4.559254583433301061e-02
6.995280812367388190e-02
1.006719495793396146e-01
1.374354865457976249e-01
1.798324064500333719e-01
2.273616230645548186e-01
2.794398524802600425e-01
3.354107855845442354e-01
3.945554123933366353e-01
4.561033354202947421e-01
5.192448936686487881e-01
5.831439060471549363e-01
6.469508332428787201e-01
7.098161504842028791e-01
7.709037203015396411e-01
8.294039543932290037e-01
8.845465570300081737e-01
9.356126490307890009e-01
9.819460811111981879e-01
1.022963758190373218e+00
1.058164811839252373e+00
1.087138476219049910e+00
1.109570543305297363e+00
1.125248295598321180e+00
1.134063838531915058e+00
1.136015780029656419e+00
1.131209230724732118e+00
1.119854124843236542e+00
1.102261888235010368e+00
1.078840506102500374e+00
1.050088068215813353e+00
1.016584893413023050e+00
9.789843575902813511e-01
9.380025698329725881e-01
8.944070595046025307e-01
8.490046527078645155e-01
8.026287293163492098e-01
7.561260615441071087e-01
7.103434416195938406e-01
6.661143094564632161e-01
6.242455912136392060e-01
5.855049563112342259e-01
5.506086938694929600e-01
5.202103997692554271e-01
4.948906527483707962e-01
4.751478423507677906e-01
4.613902933794263306e-01
4.539298110577997813e-01
4.529767486987722469e-01
4.586366756693150970e-01
4.709086982013476197e-01
4.896854595328739013e-01
5.147548193793723970e-01
5.458031862513208488e-01
5.824204500673149099e-01
6.241064372745590560e-01
6.702787866776112047e-01
7.202821217707836565e-01
7.733983749229107474e-01
8.288581005977325722e-01
8.858525991954188106e-01
9.435466603167034227e-01
1.001091724482384482e+00
1.057639255741608331e+00
1.112354114276430828e+00
1.164427718110178978e+00
1.213090786353007378e+00
1.257625463017421508e+00
1.297376630205244519e+00
1.331762232251544331e+00
1.360282448008788947e+00
1.382527566619941251e+00
1.398184442575911124e+00
1.407041428258243743e+00
1.408991706178849279e+00
1.404034968366236757e+00
1.392277416414143154e+00
1.373930082192559077e+00
1.349305495705237501e+00
1.318812752644192399e+00
1.282951059429394247e+00
1.242301857532747134e+00
1.197519651290920528e+00
1.149321683858309795e+00
1.098476624116843992e+00
1.045792442957108603e+00
9.921036701292796911e-01
9.382582326311058596e-01
8.851040821995035390e-01
8.334758227982463907e-01
7.841815489942228767e-01
7.379901027888482457e-01
6.956189498718448050e-01
6.577228664959103854e-01
6.248836153867373122e-01
5.976007735051189762e-01
5.762838563124135227e-01
5.612458627439472769e-01
5.526983426894716001e-01
5.507480647688656195e-01
5.553953369536213103e-01
5.665340065182117302e-01
5.839531393213488464e-01
6.073403519330442535e-01
6.362867440569630606e-01
6.702933534598729537e-01
7.087790316091095999e-01
7.510896158134826583e-01
7.965082532163693108e-01
8.442667138242704317e-01
8.935575141563857349e-01
9.435466603167075306e-01
9.933868095214263283e-01
1.042230642515078243e+00
1.089244235982979703e+00
1.133620224067487525e+00
1.174590541421516754e+00
1.211438546832115826e+00
1.243510336215604806e+00
1.270225066569829142e+00
1.291084128066821046e+00
1.305679019634611970e+00
1.313697803823645760e+00
1.314930039158701103e+00
1.309270112188158031e+00
1.296718916680096534e+00
1.277383853481162124e+00
1.251477151038213664e+00
1.219312533066875481e+00
1.181300285917540327e+00
1.137940803427044845e+00
1.089816711055134446e+00
1.037583693510336857e+00
9.819601705165248440e-01
9.237159835369311844e-01
8.636602718701051895e-01
8.026287293163435477e-01
7.414704423818546664e-01
6.810345175872540846e-01
6.221567087729000800e-01
5.656462552935737076e-01
5.122731386691128375e-01
4.627559586582518092e-01
4.177506199542059817e-01
3.778400079164968561e-01
3.435248161557826196e-01
3.152156706229883865e-01
2.932266744073523390e-01
2.777704750425223357e-01
2.689549321089285128e-01
2.667814376829932832e-01
2.711449161173058453e-01
2.818355031517982279e-01
2.985418778718592070e-01
3.208561949629032961e-01
3.482805394732272353e-01
3.802348022860974619e-01
4.160658520965199170e-01
4.550578592414655232e-01
4.964436085668527676e-01
5.394166229168675386e-01
5.831439060471470537e-01
6.267791039946444265e-01
6.694758773376289218e-01
7.104012734533947659e-01
7.487488878812376125e-01
7.837516072241559328e-01
8.146937326221022069e-01
8.409222925983141916e-01
8.618573668642975916e-01
8.770012582667805479e-01
8.859463682254048456e-01
8.883816514566248435e-01
8.840975481847466177e-01
8.729893160519631712e-01
8.550587091768989678e-01
8.304139778776143954e-01
7.992681890591121219e-01
7.619358937494891126e-01
7.188281943352961001e-01
6.704462892843490174e-01
6.173735971551387314e-01
5.602665840974609957e-01
4.998444394955808834e-01
4.368777625707099821e-01
3.721764383573043511e-01
3.065768942517356765e-01
2.409289381006118891e-01
1.760823853953635276e-01
1.128736864656258998e-01
5.211276456393403034e-02
-5.429727591636963023e-03
-5.903453184962351857e-02
-1.080450980335564692e-01
-1.518779083120651574e-01
-1.900316497139216687e-01
-2.220950901367145514e-01
-2.477535336445213232e-01
-2.667937532554292002e-01
-2.791073234306638562e-01
-2.846922997147512402e-01
-2.836532190425694044e-01
-2.761994207132421053e-01
-2.626417145149216870e-01
-2.433874485509338881e-01
-2.189340545554354922e-01
-1.898611724976336235e-01
-1.568214786790991522e-01
-1.205303619753913535e-01
-8.175461103868159052e-02
-4.130029087578213770e-02
-4.620336417154381960e-14
4.130029087569111329e-02
8.175461103859268941e-02
1.205303619753053668e-01
1.568214786790180781e-01
1.898611724975592385e-01
2.189340545553683515e-01
2.433874485508746299e-01
2.626417145148712828e-01
2.761994207132016932e-01
2.836532190425394839e-01
2.846922997147322554e-01
2.791073234306561401e-01
2.667937532554325863e-01
2.477535336445357839e-01
2.220950901367398367e-01
1.900316497139570571e-01
1.518779083121101492e-01
1.080450980336107453e-01
5.903453184968535106e-02
5.429727591705658073e-03
-5.211276456385902783e-02
-1.128736864655463523e-01
-1.760823853952813156e-01
-2.409289381005278174e-01
-3.065768942516505224e-01
-3.721764383572193635e-01
-4.368777625706272150e-01
-4.998444394955015579e-01
-5.602665840973870548e-01
-6.173735971550710078e-01
-6.704462892842882882e-01
-7.188281943352428094e-01
-7.619358937494445927e-01
-7.992681890590771498e-01
-8.304139778775894154e-01
-8.550587091768847570e-01
-8.729893160519598405e-01
-8.840975481847541673e-01
-8.883816514566431621e-01
-8.859463682254340444e-01
-8.770012582668195167e-01
-8.618573668643458863e-01
-8.409222925983713681e-01
-8.146937326221674880e-01
-7.837516072242279863e-01
-7.487488878813162163e-01
-7.104012734534779216e-01
-6.694758773377147421e-01
-6.267791039947324672e-01
-5.831439060472364266e-01
-5.394166229169555793e-01
-4.964436085669386434e-01
-4.550578592415487345e-01
-4.160658520965983542e-01
-3.802348022861695154e-01
-3.482805394732923499e-01
-3.208561949629609167e-01
-2.985418778719080013e-01
-2.818355031518369747e-01
-2.711449161173343780e-01
-2.667814376830113243e-01
-2.689549321089357292e-01
-2.777704750425186164e-01
-2.932266744073376286e-01
-3.152156706229629068e-01
-3.435248161557471480e-01
-3.778400079164519476e-01
-4.177506199541517473e-01
-4.627559586581899698e-01
-5.122731386690441147e-01
-5.656462552934985455e-01
-6.221567087728201439e-01
-6.810345175871711509e-01
-7.414704423817696233e-01
-8.026287293162570613e-01
-8.636602718700194803e-01
-9.237159835368478067e-01
-9.819601705164445749e-01
-1.037583693510260696e+00
-1.089816711055064058e+00
-1.137940803426981340e+00
-1.181300285917484816e+00
-1.219312533066828408e+00
-1.251477151038176139e+00
-1.277383853481134368e+00
-1.296718916680078992e+00
-1.309270112188151147e+00
-1.314930039158704655e+00
-1.313697803823660193e+00
-1.305679019634637061e+00
-1.291084128066855907e+00
-1.270225066569873551e+00
-1.243510336215658318e+00
-1.211438546832177776e+00
-1.174590541421586032e+00
-1.133620224067562798e+00
-1.089244235983059639e+00
-1.042230642515161287e+00
-9.933868095215114824e-01
-9.435466603167942390e-01
-8.935575141564717772e-01
-8.442667138243546976e-01
-7.965082532164505791e-01
-7.510896158135594858e-01
-7.087790316091800991e-01
-6.702933534599366805e-01
-6.362867440570191269e-01
-6.073403519330914380e-01
-5.839531393213855948e-01
-5.665340065182380425e-01
-5.553953369536368534e-01
-5.507480647688697273e-01
-5.526983426894640505e-01
-5.612458627439281811e-01
-5.762838563123832136e-01
-5.976007735050782310e-01
-6.248836153866862420e-01
-6.577228664958496562e-01
-6.956189498717756381e-01
-7.379901027887717513e-01
-7.841815489941394990e-01
-8.334758227981576839e-01
-8.851040821994120567e-01
-9.382582326310119347e-01
-9.921036701291843229e-01
-1.045792442957013790e+00
-1.098476624116752065e+00
-1.149321683858220977e+00
-1.197519651290837039e+00
-1.242301857532669862e+00
-1.282951059429324081e+00
-1.318812752644129782e+00
-1.349305495705184210e+00
-1.373930082192516222e+00
-1.392277416414110736e+00
-1.404034968366215219e+00
-1.408991706178838843e+00
-1.407041428258244409e+00
-1.398184442575922670e+00
-1.382527566619963899e+00
-1.360282448008821587e+00
-1.331762232251586520e+00
-1.297376630205295811e+00
-1.257625463017480794e+00
-1.213090786353073325e+00
-1.164427718110250698e+00
-1.112354114276507433e+00
-1.057639255741688267e+00
-1.001091724482466860e+00
-9.435466603167871336e-01
-8.858525991955018553e-01
-8.288581005978133964e-01
-7.733983749229883520e-01
-7.202821217708577084e-01
-6.702787866776793724e-01
-6.241064372746211175e-01
-5.824204500673700879e-01
-5.458031862513678112e-01
-5.147548193794104776e-01
-4.896854595329027116e-01
-4.709086982013667155e-01
-4.586366756693239788e-01
-4.529767486987709701e-01
-4.539298110577882350e-01
-4.613902933794047367e-01
-4.751478423507368709e-01
-4.948906527483307172e-01
-5.202103997692063553e-01
-5.506086938694363386e-01
-5.855049563111706101e-01
-6.242455912135702611e-01
-6.661143094563896083e-01
-7.103434416195175682e-01
-7.561260615440286159e-01
-8.026287293162694958e-01
-8.490046527077852456e-01
-8.944070595045259253e-01
-9.380025698328996464e-01
-9.789843575902127393e-01
-1.016584893412960655e+00
-1.050088068215758508e+00
-1.078840506102453300e+00
-1.102261888234972620e+00
-1.119854124843209009e+00
-1.131209230724715464e+00
-1.136015780029650424e+00
-1.134063838531920387e+00
-1.125248295598337833e+00
-1.109570543305325785e+00
-1.087138476219089211e+00
-1.058164811839302555e+00
-1.022963758190433170e+00
-9.819460811112677989e-01
-9.356126490308670496e-01
-8.845465570300931057e-01
-8.294039543933197089e-01
-7.709037203016355644e-01
-7.098161504843016889e-01
-6.469508332429794173e-01
-5.831439060472560776e-01
-5.192448936687487082e-01
-4.561033354203914980e-01
-3.945554123934295054e-01
-3.354107855846322761e-01
-2.794398524803411998e-01
-2.273616230646279546e-01
-1.798324064500979313e-01
-1.374354865458521646e-01
-1.006719495793831909e-01
-6.995280812370620327e-02
-4.559254583435367464e-02
-2.780418469537444467e-02
-1.669595256257839014e-02
-1.226960355459007571e-02
-1.442041777585308798e-02
-2.293888037162875385e-02
-3.751401343093520302e-02
-5.773830818695040862e-02
-8.311417972672714705e-02
-1.130618424111601156e-01
-1.469284818006773297e-01
-1.839985784354256637e-01
-2.235052206532743280e-01
-2.646422280312044628e-01
-3.065768942516374773e-01
-3.484631484265175994e-01
-3.894549273126099997e-01
-4.287195475255993204e-01
-4.654508668605467636e-01
-4.988820271521842709e-01
-5.282975777078562363e-01
-5.530447881146640654e-01
-5.725439720063835169e-01
-5.862976589734778532e-01
-5.938984699649855203e-01
-5.950355719777504770e-01
-5.894996102339427058e-01
-5.771860400587200957e-01
-5.580968059075560594e-01
-5.323403410591893703e-01
-5.001298879742380743e-01
-4.617801658036286283e-01
-4.177024375974076054e-01
-3.683980550021817013e-01
-3.144505822463398159e-01
-2.565166236176790737e-01
-1.953154990847574546e-01
-1.316179308787467084e-01
-6.623391945030947248e-02
-4.384072338134686793e-14
6.623391945022256977e-02
1.316179308786615820e-01
1.953154990846755479e-01
2.565166236176024128e-01
3.144505822462696498e-01
3.683980550021190292e-01
4.177024375973535375e-01
4.617801658035843859e-01
5.001298879742039905e-01
5.323403410591662777e-01
5.580968059075440690e-01
5.771860400587195405e-01
5.894996102339541411e-01
5.950355719777731256e-01
5.938984699650193821e-01
5.862976589735222621e-01
5.725439720064375848e-01
5.530447881147274591e-01
5.282975777079278457e-01
4.988820271522632077e-01
4.654508668606321398e-01
4.287195475256893040e-01
3.894549273127032030e-01
3.484631484266127455e-01
3.065768942517339002e-01
2.646422280312994424e-01
2.235052206533671981e-01
1.839985784355150367e-01
1.469284818007619009e-01
1.130618424112388026e-01
8.311417972679881194e-02
5.773830818701405215e-02
3.751401343098953456e-02
2.293888037167304828e-02
1.442041777588678672e-02
1.226960355461272946e-02
1.669595256258980809e-02
2.780418469537443774e-02
4.559254583434209362e-02
6.995280812368336043e-02
1.006719495793494401e-01
1.374354865458079777e-01
1.798324064500435859e-01
2.273616230645650604e-01
2.794398524802702566e-01
3.354107855845545050e-01
3.945554123933461832e-01
4.561033354203037349e-01
5.192448936686578920e-01
5.831439060471629299e-01
6.469508332428860475e-01
7.098161504842095404e-01
7.709037203015459694e-01
8.294039543932348879e-01
8.845465570300136138e-01
9.356126490307941079e-01
9.819460811112026288e-01
1.022963758190376549e+00
1.058164811839255259e+00
1.087138476219052352e+00
1.109570543305299806e+00
1.125248295598323400e+00
1.134063838531917057e+00
1.136015780029658639e+00
1.131209230724734338e+00
1.119854124843239207e+00
1.102261888235012810e+00
1.078840506102503927e+00
1.050088068215817572e+00
1.016584893413027713e+00
9.789843575902869022e-01
9.380025698329785833e-01
8.944070595046091920e-01
8.490046527078712879e-01
8.026287293163569814e-01
7.561260615441154354e-01
7.103434416196030554e-01
6.661143094564720979e-01
6.242455912136489760e-01
5.855049563112436628e-01
5.506086938695023969e-01
5.202103997692644199e-01
4.948906527483797890e-01
4.751478423507761728e-01
4.613902933794334915e-01
4.539298110578062206e-01
4.529767486987775205e-01
4.586366756693189828e-01
4.709086982013501732e-01
4.896854595328750115e-01
5.147548193793717308e-01
5.458031862513187393e-01
5.824204500673111351e-01
6.241064372745535049e-01
6.702787866776042103e-01
7.202821217707757739e-01
7.733983749229009774e-01
8.288581005977219140e-01
8.858525991954081524e-01
9.435466603166918764e-01
1.001091724482372491e+00
1.057639255741596118e+00
1.112354114276419059e+00
1.164427718110167209e+00
1.213090786352995387e+00
1.257625463017410405e+00
1.297376630205234083e+00
1.331762232251534561e+00
1.360282448008780509e+00
1.382527566619934145e+00
1.398184442575904907e+00
1.407041428258238858e+00
1.408991706178845726e+00
1.404034968366234093e+00
1.392277416414141156e+00
1.373930082192558189e+00
1.349305495705237057e+00
1.318812752644192621e+00
1.282951059429395579e+00
1.242301857532748244e+00
1.197519651290921194e+00
1.149321683858311127e+00
1.098476624116845546e+00
1.045792442957110158e+00
9.921036701292813564e-01
9.382582326311079690e-01
8.851040821995054264e-01
8.334758227982473899e-01
7.841815489942243200e-01
7.379901027888495779e-01
6.956189498718460262e-01
6.577228664959113846e-01
6.248836153867388665e-01
5.976007735051205305e-01
5.762838563124148550e-01
5.612458627439489423e-01
5.526983426894734874e-01
5.507480647688678399e-01
5.553953369536238638e-01
5.665340065182141727e-01
5.839531393213511778e-01
6.073403519330466960e-01
6.362867440569653921e-01
6.702933534598751741e-01
7.087790316091114873e-01
7.510896158134849898e-01
7.965082532163708651e-01
8.442667138242715419e-01
8.935575141563860679e-01
9.435466603167078636e-01
9.933868095214255511e-01
1.042230642515076910e+00
1.089244235982978593e+00
1.133620224067485749e+00
1.174590541421514533e+00
1.211438546832113383e+00
1.243510336215601697e+00
1.270225066569826478e+00
1.291084128066818382e+00
1.305679019634609750e+00
1.313697803823643762e+00
1.314930039158699770e+00
1.309270112188157142e+00
1.296718916680096756e+00
1.277383853481163234e+00
1.251477151038215885e+00
1.219312533066878368e+00
1.181300285917544990e+00
1.137940803427049952e+00
1.089816711055140663e+00
1.037583693510344185e+00
9.819601705165340588e-01
9.237159835369416205e-01
8.636602718701161807e-01
8.026287293163553160e-01
7.414704423818669898e-01
6.810345175872669632e-01
6.221567087729129586e-01
5.656462552935873633e-01
5.122731386691268263e-01
4.627559586582658535e-01
4.177506199542195264e-01
3.778400079165106229e-01
3.435248161557960533e-01
3.152156706230012650e-01
2.932266744073648845e-01
2.777704750425341595e-01
2.689549321089396150e-01
2.667814376830035528e-01
2.711449161173150046e-01
2.818355031518063880e-01
2.985418778718666455e-01
3.208561949629097354e-01
3.482805394732325643e-01
3.802348022861017918e-01
4.160658520965238028e-01
4.550578592414679102e-01
4.964436085668541554e-01
5.394166229168680937e-01
5.831439060471474978e-01
6.267791039946433163e-01
6.694758773376271455e-01
7.104012734533931006e-01
7.487488878812350590e-01
7.837516072241528242e-01
8.146937326220993203e-01
8.409222925983111940e-01
8.618573668642941499e-01
8.770012582667768841e-01
8.859463682254017369e-01
8.883816514566216238e-01
8.840975481847440642e-01
8.729893160519609507e-01
8.550587091768973025e-01
8.304139778776130631e-01
7.992681890591112337e-01
7.619358937494887796e-01
7.188281943352961001e-01
6.704462892843501276e-01
6.173735971551401747e-01
5.602665840974623279e-01
4.998444394955826042e-01
4.368777625707114809e-01
3.721764383573053503e-01
3.065768942517367868e-01
2.409289381006132491e-01
1.760823853953651097e-01
1.128736864656269961e-01
5.211276456393513362e-02
-5.429727591636371482e-03
-5.903453184962355327e-02
-1.080450980335573991e-01
-1.518779083120661844e-01
-1.900316497139231675e-01
-2.220950901367166330e-01
-2.477535336445236824e-01
-2.667937532554319202e-01
-2.791073234306667428e-01
-2.846922997147542378e-01
-2.836532190425725131e-01
-2.761994207132451029e-01
-2.626417145149241295e-01
-2.433874485509361918e-01
-2.189340545554381290e-01
-1.898611724976363713e-01
-1.568214786791014004e-01
-1.205303619753938377e-01
-8.175461103868374158e-02
-4.130029087578404590e-02
-4.727703181873453089e-14
4.130029087568944796e-02
8.175461103859105183e-02
1.205303619753042427e-01
1.568214786790161352e-01
1.898611724975571291e-01
2.189340545553659367e-01
2.433874485508722429e-01
2.626417145148683963e-01
2.761994207131987511e-01
2.836532190425364308e-01
2.846922997147289247e-01
2.791073234306524209e-01
2.667937532554287006e-01
2.477535336445316760e-01
2.220950901367358399e-01
1.900316497139530880e-01
1.518779083121062634e-01
1.080450980336067068e-01
5.903453184968197875e-02
5.429727591702661338e-03
-5.211276456386208095e-02
-1.128736864655483785e-01
-1.760823853952827589e-01
-2.409289381005286779e-01
-3.065768942516513551e-01
-3.721764383572196966e-01
-4.368777625706276591e-01
-4.998444394955021686e-01
-5.602665840973871658e-01
-6.173735971550713408e-01
-6.704462892842887323e-01
-7.188281943352439196e-01
-7.619358937494460360e-01
-7.992681890590791483e-01
-8.304139778775923020e-01
-8.550587091768885317e-01
-8.729893160519647255e-01
-8.840975481847600514e-01
-8.883816514566501565e-01
-8.859463682254424821e-01
-8.770012582668291756e-01
-8.618573668643570995e-01
-8.409222925983838026e-01
-8.146937326221816988e-01
-7.837516072242435294e-01
-7.487488878813322035e-01
-7.104012734534951301e-01
-6.694758773377328387e-01
-6.267791039947512299e-01
-5.831439060472551894e-01
-5.394166229169756743e-01
-4.964436085669592380e-01
-4.550578592415688850e-01
-4.160658520966186713e-01
-3.802348022861896659e-01
-3.482805394733122228e-01
-3.208561949629796795e-01
-2.985418778719264865e-01
-2.818355031518545717e-01
-2.711449161173509204e-01
-2.667814376830264789e-01
-2.689549321089494960e-01
-2.777704750425307734e-01
-2.932266744073481757e-01
-3.152156706229718441e-01
-3.435248161557542534e-01
-3.778400079164571657e-01
-4.177506199541556331e-01
-4.627559586581917461e-01
-5.122731386690440036e-01
-5.656462552934972132e-01
-6.221567087728177015e-01
-6.810345175871673762e-01
-7.414704423817647383e-01
-8.026287293162520653e-01
-8.636602718700131520e-01
-9.237159835368413674e-01
-9.819601705164379135e-01
-1.037583693510254035e+00
-1.089816711055057397e+00
-1.137940803426974901e+00
-1.181300285917479043e+00
-1.219312533066823523e+00
-1.251477151038172142e+00
-1.277383853481131704e+00
-1.296718916680077660e+00
-1.309270112188150925e+00
-1.314930039158705766e+00
-1.313697803823662413e+00
-1.305679019634640614e+00
-1.291084128066860348e+00
-1.270225066569879102e+00
-1.243510336215664536e+00
-1.211438546832184437e+00
-1.174590541421592915e+00
-1.133620224067570348e+00
-1.089244235983066966e+00
-1.042230642515169059e+00
-9.933868095215196981e-01
-9.435466603168017885e-01
-8.935575141564794377e-01
-8.442667138243618030e-01
-7.965082532164569074e-01
-7.510896158135651479e-01
-7.087790316091855392e-01
-6.702933534599413434e-01
-6.362867440570229016e-01
-6.073403519330948797e-01
-5.839531393213885924e-01
-5.665340065182408180e-01
-5.553953369536390738e-01
-5.507480647688717257e-01
-5.526983426894659379e-01
-5.612458627439299574e-01
-5.762838563123848790e-01
-5.976007735050797853e-01
-6.248836153866875742e-01
-6.577228664958509885e-01
-6.956189498717769704e-01
-7.379901027887729725e-01
-7.841815489941413864e-01
-8.334758227981596823e-01
-8.851040821994130559e-01
-9.382582326310130449e-01
-9.921036701291857662e-01
-1.045792442957014678e+00
-1.098476624116752065e+00
-1.149321683858221199e+00
-1.197519651290837039e+00
-1.242301857532669640e+00
-1.282951059429324081e+00
-1.318812752644130226e+00
-1.349305495705184432e+00
-1.373930082192516444e+00
-1.392277416414110958e+00
-1.404034968366215441e+00
-1.408991706178839731e+00
-1.407041428258245297e+00
-1.398184442575924002e+00
-1.382527566619965231e+00
-1.360282448008823364e+00
-1.331762232251588962e+00
-1.297376630205298476e+00
-1.257625463017483902e+00
-1.213090786353076878e+00
-1.164427718110254251e+00
-1.112354114276510764e+00
-1.057639255741691819e+00
-1.001091724482470413e+00
-9.435466603167895761e-01
-8.858525991955042977e-01
-8.288581005978149507e-01
-7.733983749229890181e-01
-7.202821217708568202e-01
-6.702787866776780401e-01
-6.241064372746181199e-01
-5.824204500673654250e-01
-5.458031862513620380e-01
-5.147548193794028171e-01
-4.896854595328934412e-01
-4.709086982013555578e-01
-4.586366756693111002e-01
-4.529767486987563152e-01
-4.539298110577719703e-01
-4.613902933793868621e-01
-4.751478423507173310e-01
-4.948906527483097340e-01
-5.202103997691845949e-01
-5.506086938694134680e-01
-5.855049563111471844e-01
-6.242455912135461693e-01
-6.661143094563651834e-01
-7.103434416194923662e-01
-7.561260615440034139e-01
-8.026287293162450709e-01
-8.490046527077604877e-01
-8.944070595045017225e-01
-9.380025698328761097e-01
-9.789843575901907569e-01
-1.016584893412938895e+00
-1.050088068215737858e+00
-1.078840506102434205e+00
-1.102261888234954190e+00
-1.119854124843192356e+00
-1.131209230724699921e+00
-1.136015780029636879e+00
-1.134063838531908397e+00
-1.125248295598327397e+00
-1.109570543305316459e+00
-1.087138476219080996e+00
-1.058164811839295893e+00
-1.022963758190427619e+00
-9.819460811112631360e-01
-9.356126490308636079e-01
-8.845465570300903302e-01
-8.294039543933177105e-01
-7.709037203016332329e-01
-7.098161504843002456e-01
-6.469508332429780850e-01
-5.831439060472548563e-01
-5.192448936687475980e-01
-4.561033354203905543e-01
-3.945554123934286728e-01
-3.354107855846307773e-01
-2.794398524803396455e-01
-2.273616230646260672e-01
-1.798324064500952391e-01
-1.374354865458493058e-01
-1.006719495793801655e-01
-6.995280812370303913e-02
-4.559254583435042724e-02
-2.780418469537130136e-02
-1.669595256257539947e-02
-1.226960355458730882e-02
-1.442041777585084845e-02
-2.293888037162681096e-02
-3.751401343093400953e-02
-5.773830818695016576e-02
-8.311417972672709154e-02
-1.130618424111603515e-01
-1.469284818006778015e-01
-1.839985784354269682e-01
-2.235052206532756047e-01
-2.646422280312062392e-01
-3.065768942516403084e-01
-3.484631484265198753e-01
-3.894549273126123867e-01
-4.287195475256014299e-01
-4.654508668605490396e-01
-4.988820271521854366e-01
-5.282975777078567914e-01
-5.530447881146640654e-01
-5.725439720063829618e-01
-5.862976589734766319e-01
-5.938984699649834109e-01
-5.950355719777477015e-01
-5.894996102339390420e-01
-5.771860400587156548e-01
-5.580968059075511745e-01
-5.323403410591841523e-01
-5.001298879742326342e-01
-4.617801658036228551e-01
-4.177024375974015546e-01
-3.683980550021761502e-01
-3.144505822463345979e-01
-2.565166236176744108e-01
-1.953154990847528194e-01
-1.316179308787433777e-01
-6.623391945030704386e-02
-4.184224066962400716e-14
6.623391945022351346e-02
1.316179308786620816e-01
1.953154990846757422e-01
2.565166236176023018e-01
3.144505822462684286e-01
3.683980550021168643e-01
4.177024375973508175e-01
4.617801658035810553e-01
5.001298879742005488e-01
5.323403410591626139e-01
5.580968059075406273e-01
5.771860400587158768e-01
5.894996102339504773e-01
5.950355719777695729e-01
5.938984699650158294e-01
5.862976589735191535e-01
5.725439720064345872e-01
5.530447881147241285e-01
5.282975777079247370e-01
4.988820271522597105e-01
4.654508668606281430e-01
4.287195475256847521e-01
3.894549273126983180e-01
3.484631484266074164e-01
3.065768942517272944e-01
2.646422280312925590e-01
2.235052206533594266e-01
1.839985784355061826e-01
1.469284818007513815e-01
1.130618424112276449e-01
8.311417972678634969e-02
5.773830818700022294e-02
3.751401343097439389e-02
2.293888037165697433e-02
1.442041777586946030e-02
1.226960355459419741e-02
1.669595256257025775e-02
2.780418469535383963e-02
4.559254583432070101e-02
6.995280812366133638e-02
1.006719495793268887e-01
1.374354865457850794e-01
1.798324064500208264e-01
2.273616230645419678e-01
2.794398524802473305e-01
3.354107855845317454e-01
3.945554123933244783e-01
4.561033354202821966e-01
5.192448936686369088e-01
5.831439060471438340e-01
6.469508332428677289e-01
7.098161504841926650e-01
7.709037203015304263e-01
8.294039543932207881e-01
8.845465570300005131e-01
9.356126490307825616e-01
9.819460811111929699e-01
1.022963758190368999e+00
1.058164811839249708e+00
1.087138476219048355e+00
1.109570543305297363e+00
1.125248295598322956e+00
1.134063838531917723e+00
1.136015780029660860e+00
1.131209230724737669e+00
1.119854124843243426e+00
1.102261888235018361e+00
1.078840506102509478e+00
1.050088068215823345e+00
1.016584893413033930e+00
9.789843575902926753e-01
9.380025698329840234e-01
8.944070595046146321e-01
8.490046527078766170e-01
8.026287293163617553e-01
7.561260615441198762e-01
7.103434416196063861e-01
6.661143094564745404e-01
6.242455912136498641e-01
5.855049563112444400e-01
5.506086938695022859e-01
5.202103997692638648e-01
4.948906527483783457e-01
4.751478423507747850e-01
4.613902933794319372e-01
4.539298110578042778e-01
4.529767486987759106e-01
4.586366756693174840e-01
4.709086982013489520e-01
4.896854595328742343e-01
5.147548193793712867e-01
5.458031862513187393e-01
5.824204500673115792e-01
6.241064372745542821e-01
6.702787866776057646e-01
7.202821217707777723e-01
7.733983749229039750e-01
8.288581005977249117e-01
8.858525991954113721e-01
9.435466603166953181e-01
1.001091724482376266e+00
1.057639255741599005e+00
1.112354114276422168e+00
1.164427718110170318e+00
1.213090786352998718e+00
1.257625463017413514e+00
1.297376630205237413e+00
1.331762232251537670e+00
1.360282448008782952e+00
1.382527566619936366e+00
1.398184442575906461e+00
1.407041428258240412e+00
1.408991706178847059e+00
1.404034968366235647e+00
1.392277416414142266e+00
1.373930082192559965e+00
1.349305495705238389e+00
1.318812752644193731e+00
1.282951059429396690e+00
1.242301857532749798e+00
1.197519651290923637e+00
1.149321683858312904e+00
1.098476624116847322e+00
1.045792442957111490e+00
9.921036701292819115e-01
9.382582326311077470e-01
8.851040821995054264e-01
8.334758227982471679e-01
7.841815489942236539e-01
7.379901027888485787e-01
6.956189498718443609e-01
6.577228664959089421e-01
6.248836153867349807e-01
5.976007735051163117e-01
5.762838563124099700e-01
5.612458627439432801e-01
5.526983426894672702e-01
5.507480647688610675e-01
5.553953369536166473e-01
5.665340065182068452e-01
5.839531393213436283e-01
6.073403519330394795e-01
6.362867440569581756e-01
6.702933534598681797e-01
7.087790316091052700e-01
7.510896158134792167e-01
7.965082532163663132e-01
8.442667138242671010e-01
8.935575141563827373e-01
9.435466603167056432e-01
9.933868095214249960e-01
1.042230642515077133e+00
1.089244235982979925e+00
1.133620224067488858e+00
1.174590541421518530e+00
1.211438546832118934e+00
1.243510336215608802e+00
1.270225066569834471e+00
1.291084128066827041e+00
1.305679019634619742e+00
1.313697803823655086e+00
1.314930039158711983e+00
1.309270112188169799e+00
1.296718916680110523e+00
1.277383853481177223e+00
1.251477151038230318e+00
1.219312533066893023e+00
1.181300285917559423e+00
1.137940803427064163e+00
1.089816711055155318e+00
1.037583693510358396e+00
9.819601705165472705e-01
9.237159835369547212e-01
8.636602718701285042e-01
8.026287293163667513e-01
7.414704423818777590e-01
6.810345175872773993e-01
6.221567087729225065e-01
5.656462552935953569e-01
5.122731386691337097e-01
4.627559586582715712e-01
4.177506199542243559e-01
3.778400079165141756e-01
3.435248161557989399e-01
3.152156706230032079e-01
2.932266744073660503e-01
2.777704750425347147e-01
2.689549321089396705e-01
2.667814376830032197e-01
2.711449161173146161e-01
2.818355031518055553e-01
2.985418778718659238e-01
3.208561949629089582e-01
3.482805394732321203e-01
3.802348022861012922e-01
4.160658520965231921e-01
4.550578592414678547e-01
4.964436085668539334e-01
5.394166229168683158e-01
5.831439060471480529e-01
6.267791039946450926e-01
6.694758773376285887e-01
7.104012734533946549e-01
7.487488878812372795e-01
7.837516072241550447e-01
8.146937326221012077e-01
8.409222925983129704e-01
8.618573668642963703e-01
8.770012582667792156e-01
8.859463682254038464e-01
8.883816514566241773e-01
8.840975481847462847e-01
8.729893160519633932e-01
8.550587091768998560e-01
8.304139778776159497e-01
7.992681890591145644e-01
7.619358937494925543e-01
7.188281943353004300e-01
6.704462892843543464e-01
6.173735971551458368e-01
5.602665840974685452e-01
4.998444394955890435e-01
4.368777625707191414e-01
3.721764383573138435e-01
3.065768942517459461e-01
2.409289381006227138e-01
1.760823853953752682e-01
1.128736864656371269e-01
5.211276456394516032e-02
-5.429727591626174778e-03
-5.903453184961291594e-02
-1.080450980335465883e-01
-1.518779083120557760e-01
-1.900316497139130367e-01
-2.220950901367071406e-01
-2.477535336445148562e-01
-2.667937532554238156e-01
-2.791073234306596373e-01
-2.846922997147479650e-01
-2.836532190425668509e-01
-2.761994207132405510e-01
-2.626417145149206878e-01
-2.433874485509336105e-01
-2.189340545554357975e-01
-1.898611724976349002e-01
-1.568214786791000959e-01
-1.205303619753923805e-01
-8.175461103868320034e-02
-4.130029087578417080e-02
-4.795234917790216330e-14
4.130029087568896223e-02
8.175461103859005263e-02
1.205303619753033961e-01
1.568214786790159965e-01
1.898611724975569903e-01
2.189340545553652706e-01
2.433874485508715491e-01
2.626417145148681187e-01
2.761994207131978629e-01
2.836532190425353761e-01
2.846922997147278145e-01
2.791073234306510886e-01
2.667937532554269797e-01
2.477535336445296776e-01
2.220950901367334251e-01
1.900316497139502570e-01
1.518779083121030438e-01
1.080450980336030847e-01
5.903453184967750317e-02
5.429727591698143251e-03
-5.211276456386704226e-02
-1.128736864655542904e-01
-1.760823853952891427e-01
-2.409289381005353670e-01
-3.065768942516585160e-01
-3.721764383572278567e-01
-4.368777625706357082e-01
-4.998444394955106618e-01
-5.602665840973961586e-01
-6.173735971550808888e-01
-6.704462892842982802e-01
-7.188281943352541337e-01
-7.619358937494568051e-01
-7.992681890590905835e-01
-8.304139778776042924e-01
-8.550587091769007442e-01
-8.729893160519773820e-01
-8.840975481847729300e-01
-8.883816514566634792e-01
-8.859463682254556938e-01
-8.770012582668428314e-01
-8.618573668643707553e-01
-8.409222925983975694e-01
-8.146937326221946885e-01
-7.837516072242569631e-01
-7.487488878813455262e-01
-7.104012734535080087e-01
-6.694758773377454952e-01
-6.267791039947634424e-01
-5.831439060472669578e-01
-5.394166229169858884e-01
-4.964436085669688414e-01
-4.550578592415776558e-01
-4.160658520966266649e-01
-3.802348022861968269e-01
-3.482805394733188842e-01
-3.208561949629856191e-01
-2.985418778719312050e-01
-2.818355031518589571e-01
-2.711449161173546396e-01
-2.667814376830296430e-01
-2.689549321089521605e-01
-2.777704750425332159e-01
-2.932266744073503961e-01
-3.152156706229738425e-01
-3.435248161557560853e-01
-3.778400079164587200e-01
-4.177506199541569099e-01
-4.627559586581931339e-01
-5.122731386690452249e-01
-5.656462552934985455e-01
-6.221567087728189227e-01
-6.810345175871685974e-01
-7.414704423817654044e-01
-8.026287293162523984e-01
-8.636602718700137071e-01
-9.237159835368405902e-01
-9.819601705164365812e-01
-1.037583693510252258e+00
-1.089816711055055620e+00
-1.137940803426972680e+00
-1.181300285917476378e+00
-1.219312533066820192e+00
-1.251477151038168145e+00
-1.277383853481127485e+00
-1.296718916680072775e+00
-1.309270112188145818e+00
-1.314930039158700659e+00
-1.313697803823657084e+00
-1.305679019634635285e+00
-1.291084128066855019e+00
-1.270225066569873995e+00
-1.243510336215659429e+00
-1.211438546832179330e+00
-1.174590541421588696e+00
-1.133620224067566129e+00
-1.089244235983063414e+00
-1.042230642515165062e+00
-9.933868095215161453e-01
-9.435466603167977917e-01
-8.935575141564746637e-01
-8.442667138243578062e-01
-7.965082532164532436e-01
-7.510896158135614842e-01
-7.087790316091817644e-01
-6.702933534599376797e-01
-6.362867440570190158e-01
-6.073403519330903277e-01
-5.839531393213842625e-01
-5.665340065182363771e-01
-5.553953369536347440e-01
-5.507480647688673958e-01
-5.526983426894616080e-01
-5.612458627439261827e-01
-5.762838563123815483e-01
-5.976007735050770098e-01
-6.248836153866855758e-01
-6.577228664958499893e-01
-6.956189498717770814e-01
-7.379901027887735276e-01
-7.841815489941423856e-01
-8.334758227981614587e-01
-8.851040821994158314e-01
-9.382582326310160425e-01
-9.921036701291898741e-01
-1.045792442957020008e+00
-1.098476624116757616e+00
-1.149321683858227194e+00
-1.197519651290843035e+00
-1.242301857532676301e+00
-1.282951059429330076e+00
-1.318812752644135777e+00
-1.349305495705189539e+00
-1.373930082192521107e+00
-1.392277416414114954e+00
-1.404034968366218994e+00
-1.408991706178842618e+00
-1.407041428258247295e+00
-1.398184442575925113e+00
-1.382527566619965675e+00
-1.360282448008822698e+00
-1.331762232251587852e+00
-1.297376630205296477e+00
-1.257625463017481016e+00
-1.213090786353073991e+00
-1.164427718110251364e+00
-1.112354114276507655e+00
-1.057639255741688045e+00
-1.001091724482466860e+00
-9.435466603167864674e-01
-8.858525991955014112e-01
-8.288581005978131744e-01
-7.733983749229876858e-01
-7.202821217708559320e-01
-6.702787866776773740e-01
-6.241064372746181199e-01
-5.824204500673660911e-01
-5.458031862513632593e-01
-5.147548193794049265e-01
-4.896854595328962723e-01
-4.709086982013592770e-01
-4.586366756693155966e-01
-4.529767486987615333e-01
-4.539298110577779100e-01
-4.613902933793934680e-01
-4.751478423507246029e-01
-4.948906527483172280e-01
-5.202103997691924775e-01
-5.506086938694215727e-01
-5.855049563111549560e-01
-6.242455912135538298e-01
-6.661143094563727329e-01
-7.103434416195002488e-01
-7.561260615440110744e-01
-8.026287293162522873e-01
-8.490046527077678151e-01
-8.944070595045077177e-01
-9.380025698328813277e-01
-9.789843575901950867e-01
-1.016584893412942892e+00
-1.050088068215740522e+00
-1.078840506102435759e+00
-1.102261888234955522e+00
-1.119854124843192134e+00
-1.131209230724698589e+00
-1.136015780029634659e+00
-1.134063838531905066e+00
-1.125248295598323400e+00
-1.109570543305311796e+00
-1.087138476219076111e+00
-1.058164811839289898e+00
-1.022963758190421402e+00
-9.819460811112569187e-01
-9.356126490308569466e-01
-8.845465570300845570e-01
-8.294039543933121594e-01
-7.709037203016282369e-01
-7.098161504842954717e-01
-6.469508332429747544e-01
-5.831439060472525249e-01
-5.192448936687459327e-01
-4.561033354203895551e-01
-3.945554123934281177e-01
-3.354107855846307218e-01
-2.794398524803399786e-01
-2.273616230646274272e-01
-1.798324064500974317e-01
-1.374354865458519981e-01
-1.006719495793832048e-01
-6.995280812370627266e-02
-4.559254583435345953e-02
-2.780418469537411855e-02
-1.669595256257783850e-02
-1.226960355458932977e-02
-1.442041777585233338e-02
-2.293888037162807730e-02
-3.751401343093436341e-02
-5.773830818694988820e-02
-8.311417972672671683e-02
-1.130618424111592690e-01
-1.469284818006766913e-01
-1.839985784354259413e-01
-2.235052206532751329e-01
-2.646422280312050179e-01
-3.065768942516385875e-01
-3.484631484265185986e-01
-3.894549273126107769e-01
-4.287195475256003752e-01
-4.654508668605484289e-01
-4.988820271521857697e-01
-5.282975777078571245e-01
-5.530447881146650646e-01
-5.725439720063840721e-01
-5.862976589734782973e-01
-5.938984699649852983e-01
-5.950355719777498109e-01
-5.894996102339415955e-01
-5.771860400587180973e-01
-5.580968059075537280e-01
-5.323403410591865947e-01
-5.001298879742349657e-01
-4.617801658036252976e-01
-4.177024375974040526e-01
-3.683980550021783151e-01
-3.144505822463369848e-01
-2.565166236176764092e-01
-1.953154990847545958e-01
-1.316179308787444324e-01
-6.623391945030848715e-02
-4.317390550984502306e-14
6.623391945022281957e-02
1.316179308786613600e-01
1.953154990846743821e-01
2.565166236176009140e-01
3.144505822462673739e-01
3.683980550021157541e-01
4.177024375973500403e-01
4.617801658035807222e-01
5.001298879742004377e-01
5.323403410591628360e-01
5.580968059075409604e-01
5.771860400587169870e-01
5.894996102339521427e-01
5.950355719777720154e-01
5.938984699650191601e-01
5.862976589735230393e-01
5.725439720064398053e-01
5.530447881147304567e-01
5.282975777079317314e-01
4.988820271522678151e-01
4.654508668606374133e-01
4.287195475256948551e-01
3.894549273127094757e-01
3.484631484266201840e-01
3.065768942517407836e-01
2.646422280313061037e-01
2.235052206533734709e-01
1.839985784355207266e-01
1.469284818007661475e-01
1.130618424112419251e-01
8.311417972680111566e-02
5.773830818701479461e-02
3.751401343098862556e-02
2.293888037167045660e-02
1.442041777588267022e-02
1.226960355460670823e-02
1.669595256258189775e-02
2.780418469536471288e-02
4.559254583433060976e-02
6.995280812367025980e-02
1.006719495793347574e-01
1.374354865457916020e-01
1.798324064500262387e-01
2.273616230645467140e-01
2.794398524802510497e-01
3.354107855845345765e-01
3.945554123933263657e-01
4.561033354202837509e-01
5.192448936686373528e-01
5.831439060471432789e-01
6.469508332428668407e-01
7.098161504841911107e-01
7.709037203015278727e-01
8.294039543932177905e-01
8.845465570299979596e-01
9.356126490307793420e-01
9.819460811111895282e-01
1.022963758190365446e+00
1.058164811839246156e+00
1.087138476219044803e+00
1.109570543305293810e+00
1.125248295598319404e+00
1.134063838531914836e+00
1.136015780029657973e+00
1.131209230724735448e+00
1.119854124843241650e+00
1.102261888235017029e+00
1.078840506102508812e+00
1.050088068215823123e+00
1.016584893413033930e+00
9.789843575902938966e-01
9.380025698329859107e-01
8.944070595046164085e-01
8.490046527078789484e-01
8.026287293163638648e-01
7.561260615441218746e-01
7.103434416196083845e-01
6.661143094564769829e-01
6.242455912136526397e-01
5.855049563112467714e-01
5.506086938695048394e-01
5.202103997692659743e-01
4.948906527483800111e-01
4.751478423507755067e-01
4.613902933794325478e-01
4.539298110578045553e-01
4.529767486987755221e-01
4.586366756693168178e-01
4.709086982013478972e-01
4.896854595328729576e-01
5.147548193793700655e-01
5.458031862513172960e-01
5.824204500673103579e-01
6.241064372745535049e-01
6.702787866776048764e-01
7.202821217707769952e-01
7.733983749229031979e-01
8.288581005977244676e-01
8.858525991954108170e-01
9.435466603166953181e-01
1.001091724482376710e+00
1.057639255741600559e+00
1.112354114276423056e+00
1.164427718110171428e+00
1.213090786353000494e+00
1.257625463017414624e+00
1.297376630205238079e+00
1.331762232251538780e+00
1.360282448008784062e+00
1.382527566619937032e+00
1.398184442575907349e+00
1.407041428258240856e+00
1.408991706178847059e+00
1.404034968366234981e+00
1.392277416414142266e+00
1.373930082192559077e+00
1.349305495705237945e+00
1.318812752644192843e+00
1.282951059429395579e+00
1.242301857532748688e+00
1.197519651290922749e+00
1.149321683858311793e+00
1.098476624116846656e+00
1.045792442957111712e+00
9.921036701292825777e-01
9.382582326311086351e-01
8.851040821995062036e-01
8.334758227982487222e-01
7.841815489942249862e-01
7.379901027888496889e-01
6.956189498718458042e-01
6.577228664959102744e-01
6.248836153867364240e-01
5.976007735051171998e-01
5.762838563124105251e-01
5.612458627439431691e-01
5.526983426894664930e-01
5.507480647688596243e-01
5.553953369536140938e-01
5.665340065182035145e-01
5.839531393213392985e-01
6.073403519330337064e-01
6.362867440569514033e-01
6.702933534598600751e-01
7.087790316090958331e-01
7.510896158134680034e-01
7.965082532163538787e-01
8.442667138242542224e-01
8.935575141563689705e-01
9.435466603166905442e-01
9.933868095214094529e-01
1.042230642515061367e+00
1.089244235982963049e+00
1.133620224067471316e+00
1.174590541421501211e+00
1.211438546832100949e+00
1.243510336215591261e+00
1.270225066569816930e+00
1.291084128066810610e+00
1.305679019634603311e+00
1.313697803823639321e+00
1.314930039158696884e+00
1.309270112188156032e+00
1.296718916680097644e+00
1.277383853481165898e+00
1.251477151038220104e+00
1.219312533066884585e+00
1.181300285917552761e+00
1.137940803427058833e+00
1.089816711055150877e+00
1.037583693510355953e+00
9.819601705165462713e-01
9.237159835369546101e-01
8.636602718701305026e-01
8.026287293163698600e-01
7.414704423818820889e-01
6.810345175872819512e-01
6.221567087729285017e-01
5.656462552936017962e-01
5.122731386691404820e-01
4.627559586582788986e-01
4.177506199542319609e-01
3.778400079165220027e-01
3.435248161558064894e-01
3.152156706230106464e-01
2.932266744073729337e-01
2.777704750425411540e-01
2.689549321089454992e-01
2.667814376830081602e-01
2.711449161173187794e-01
2.818355031518093301e-01
2.985418778718685884e-01
3.208561949629107901e-01
3.482805394732332305e-01
3.802348022861019583e-01
4.160658520965231921e-01
4.550578592414677437e-01
4.964436085668541554e-01
5.394166229168683158e-01
5.831439060471474978e-01
6.267791039946440934e-01
6.694758773376278116e-01
7.104012734533936557e-01
7.487488878812367243e-01
7.837516072241551557e-01
8.146937326221016518e-01
8.409222925983134145e-01
8.618573668642969254e-01
8.770012582667803258e-01
8.859463682254051786e-01
8.883816514566255096e-01
8.840975481847476170e-01
8.729893160519648365e-01
8.550587091769012993e-01
8.304139778776169489e-01
7.992681890591154525e-01
7.619358937494932205e-01
7.188281943353010961e-01
6.704462892843551236e-01
6.173735971551459478e-01
5.602665840974688782e-01
4.998444394955890990e-01
4.368777625707185863e-01
3.721764383573132884e-01
3.065768942517455020e-01
2.409289381006224084e-01
1.760823853953746299e-01
1.128736864656373490e-01
5.211276456394571543e-02
-5.429727591625220680e-03
-5.903453184961200001e-02
-1.080450980335452976e-01
-1.518779083120544993e-01
-1.900316497139116767e-01
-2.220950901367054198e-01
-2.477535336445128855e-01
-2.667937532554217617e-01
-2.791073234306575279e-01
-2.846922997147461332e-01
-2.836532190425653521e-01
-2.761994207132390522e-01
-2.626417145149197441e-01
-2.433874485509330832e-01
-2.189340545554357698e-01
-1.898611724976348170e-01
-1.568214786791010673e-01
-1.205303619753939209e-01
-8.175461103868464363e-02
-4.130029087578555164e-02
-4.981734397648735180e-14
4.130029087568747731e-02
8.175461103858919221e-02
1.205303619753027439e-01
1.568214786790158022e-01
1.898611724975575454e-01
2.189340545553672968e-01
2.433874485508743246e-01
2.626417145148722265e-01
2.761994207132040802e-01
2.836532190425428701e-01
2.846922997147371959e-01
2.791073234306624684e-01
2.667937532554404689e-01
2.477535336445453318e-01
2.220950901367511054e-01
1.900316497139700744e-01
1.518779083121248874e-01
1.080450980336268574e-01
5.903453184970306605e-02
5.429727591724872737e-03
-5.211276456383904382e-02
-1.128736864655251887e-01
-1.760823853952591111e-01
-2.409289381005048358e-01
-3.065768942516268747e-01
-3.721764383571961043e-01
-4.368777625706045109e-01
-4.998444394954791870e-01
-5.602665840973652944e-01
-6.173735971550505797e-01
-6.704462892842691923e-01
-7.188281943352257120e-01
-7.619358937494296047e-01
-7.992681890590648264e-01
-8.304139778775797565e-01
-8.550587091768782066e-01
-8.729893160519565098e-01
-8.840975481847539452e-01
-8.883816514566463818e-01
-8.859463682254402617e-01
-8.770012582668289536e-01
-8.618573668643587649e-01
-8.409222925983871333e-01
-8.146937326221858067e-01
-7.837516072242487475e-01
-7.487488878813391979e-01
-7.104012734535027906e-01
-6.694758773377409433e-01
-6.267791039947596676e-01
-5.831439060472641822e-01
-5.394166229169834459e-01
-4.964436085669663434e-01
-4.550578592415756018e-01
-4.160658520966247220e-01
-3.802348022861949395e-01
-3.482805394733166082e-01
-3.208561949629833987e-01
-2.985418778719287070e-01
-2.818355031518557374e-01
-2.711449161173514200e-01
-2.667814376830262568e-01
-2.689549321089486633e-01
-2.777704750425295521e-01
-2.932266744073467879e-01
-3.152156706229704008e-01
-3.435248161557530322e-01
-3.778400079164562775e-01
-4.177506199541549115e-01
-4.627559586581920792e-01
-5.122731386690453359e-01
-5.656462552934991006e-01
-6.221567087728199219e-01
-6.810345175871701517e-01
-7.414704423817678469e-01
-8.026287293162553960e-01
-8.636602718700177039e-01
-9.237159835368461414e-01
-9.819601705164422434e-01
-1.037583693510258254e+00
-1.089816711055061615e+00
-1.137940803426979564e+00
-1.181300285917482817e+00
-1.219312533066826187e+00
-1.251477151038174140e+00
-1.277383853481133036e+00
-1.296718916680077660e+00
-1.309270112188150037e+00
-1.314930039158703989e+00
-1.313697803823659527e+00
-1.305679019634637283e+00
-1.291084128066856129e+00
-1.270225066569874661e+00
-1.243510336215659651e+00
-1.211438546832179108e+00
-1.174590541421587586e+00
-1.133620224067565241e+00
-1.089244235983062303e+00
-1.042230642515164174e+00
-9.933868095215145910e-01
-9.435466603167975697e-01
-8.935575141564749968e-01
-8.442667138243578062e-01
-7.965082532164543538e-01
-7.510896158135629275e-01
-7.087790316091833187e-01
-6.702933534599393450e-01
-6.362867440570215694e-01
-6.073403519330937694e-01
-5.839531393213881483e-01
-5.665340065182407070e-01
-5.553953369536391849e-01
-5.507480647688718367e-01
-5.526983426894662710e-01
-5.612458627439306236e-01
-5.762838563123855451e-01
-5.976007735050810066e-01
-6.248836153866894616e-01
-6.577228664958532089e-01
-6.956189498717798569e-01
-7.379901027887763032e-01
-7.841815489941446060e-01
-8.334758227981634571e-01
-8.851040821994181629e-01
-9.382582326310189291e-01
-9.921036701291925386e-01
-1.045792442957022894e+00
-1.098476624116761391e+00
-1.149321683858230747e+00
-1.197519651290847253e+00
-1.242301857532680964e+00
-1.282951059429336294e+00
-1.318812752644142661e+00
-1.349305495705197533e+00
-1.373930082192530433e+00
-1.392277416414125168e+00
-1.404034968366230984e+00
-1.408991706178855496e+00
-1.407041428258261728e+00
-1.398184442575940878e+00
-1.382527566619982995e+00
-1.360282448008841127e+00
-1.331762232251606948e+00
-1.297376630205316905e+00
-1.257625463017502554e+00
-1.213090786353095529e+00
-1.164427718110273791e+00
-1.112354114276530526e+00
-1.057639255741710915e+00
-1.001091724482489287e+00
-9.435466603168094490e-01
-8.858525991955239487e-01
-8.288581005978346017e-01
-7.733983749230086691e-01
-7.202821217708759161e-01
-6.702787866776963588e-01
-6.241064372746362166e-01
-5.824204500673834106e-01
-5.458031862513789134e-01
-5.147548193794189153e-01
-4.896854595329085957e-01
-4.709086982013699352e-01
-4.586366756693245894e-01
-4.529767486987688607e-01
-4.539298110577834611e-01
-4.613902933793973538e-01
-4.751478423507271565e-01
-4.948906527483186157e-01
-5.202103997691923665e-01
-5.506086938694202404e-01
-5.855049563111530686e-01
-6.242455912135507212e-01
-6.661143094563690692e-01
-7.103434416194964740e-01
-7.561260615440070776e-01
-8.026287293162477354e-01
-8.490046527077629301e-01
-8.944070595045033878e-01
-9.380025698328768868e-01
-9.789843575901912009e-01
-1.016584893412939561e+00
-1.050088068215737858e+00
-1.078840506102433316e+00
-1.102261888234953302e+00
-1.119854124843190801e+00
-1.131209230724697701e+00
-1.136015780029633992e+00
-1.134063838531904400e+00
-1.125248295598322956e+00
-1.109570543305311574e+00
-1.087138476219075667e+00
-1.058164811839289676e+00
-1.022963758190420958e+00
-9.819460811112564746e-01
-9.356126490308567245e-01
-8.845465570300838909e-01
-8.294039543933118264e-01
-7.709037203016274598e-01
-7.098161504842944725e-01
-6.469508332429727560e-01
-5.831439060472509706e-01
-5.192448936687441563e-01
-4.561033354203877233e-01
-3.945554123934265078e-01
-3.354107855846297781e-01
-2.794398524803392569e-01
-2.273616230646267333e-01
-1.798324064500971264e-01
-1.374354865458517760e-01
-1.006719495793830660e-01
-6.995280812370632817e-02
-4.559254583435395913e-02
-2.780418469537488529e-02
-1.669595256257882729e-02
-1.226960355459035847e-02
-1.442041777585339329e-02
-2.293888037162908344e-02
-3.751401343093560548e-02
-5.773830818695056127e-02
-8.311417972672707766e-02
-1.130618424111598519e-01
-1.469284818006768856e-01
-1.839985784354257470e-01
-2.235052206532744112e-01
-2.646422280312045738e-01
